Workbook
Name Slicer_Case_Status: #N/A
Name Slicer_Crime_month_name: #N/A
Name Slicer_Crime_Type: #N/A
Name Slicer_Crime_Type1: #N/A
Name Slicer_Crime_Type2: #N/A
Name Slicer_Crime_Type3: #N/A
Name Slicer_Crime_Type4: #N/A
Name Slicer_Crime_Type5: #N/A
Name Slicer_Crime_Year1: #N/A
Name Slicer_District: #N/A
Name Slicer_District1: #N/A
Name Slicer_Severity_Level: #N/A
Name Slicer_Victim_Gender: #N/A
Name Slicer_Victim_Gender1: #N/A

Sheet raw_data
A1: Crime_ID | B1: Crime_Date | C1: Crime_Type | D1: District | E1: Victim_Gender | F1: Case_Status | G1: Severity_Level
A2: CRM00054 | B2: 45849 | C2: Theft | D2: Karan | E2: Male | F2: Closed
A3: CRM00290 | B3: 45714 | C3: Burglary | E3: Male | F3: Closed | G3: Medium
A4: CRM00143 | B4: 46168 | C4: Theft | D4: Wadajir | E4: Female | G4: Medium
A5: CRM00198 | B5: 45705 | C5: Assault | D5: Wadajir | E5: Male | F5: Open | G5: High
A6: CRM00244 | B6: 46080 | C6: Assault | D6: Hodan | E6: Female | F6: Under Investigation | G6: High
A7: CRM00265 | B7: 45705 | C7: Fraud | D7: Wadajir | E7: Male | F7: Under Investigation | G7: Medium
A8: CRM00138 | B8: 46098 | C8: Theft | D8: Yaqshid | E8: Female | F8: Under Investigation | G8: Medium
A9: CRM00028 | B9: 45702 | C9: Fraud | D9: Yaqshid | E9: Male | G9: Medium
A10: CRM00018 | B10: 45816 | C10: Robbery | D10: Yaqshid | E10: Male | F10: Under Investigation | G10: High
A11: CRM00096 | B11: 45755 | C11: Fraud | D11: Daynile | E11: Male | F11: Under Investigation | G11: Medium
A12: CRM00153 | B12: 46118 | C12: Theft | D12: Hodan | E12: Unknown | F12: Under Investigation | G12: Medium
B13: 46215 | C13: Assault | D13: Waberi | E13: Male | F13: Open | G13: High
A14: CRM00122 | B14: 46003 | C14: Theft | D14: Hodan | E14: Female | F14: Under Investigation | G14: Medium
A15: CRM00245 | B15: 46178 | C15: Theft | D15: Daynile | E15: Male | F15: Open | G15: Medium
A16: CRM00035 | B16: 45817 | C16: Traffic Offense | D16: Karan | E16: Male | F16: Under Investigation | G16: Low
A17: CRM00210 | B17: 45755 | D17: Daynile | E17: Female | F17: Closed | G17: High
A18: CRM00073 | B18: 45974 | C18: Traffic Offense | D18: Yaqshid | E18: Female | F18: Under Investigation | G18: Low
A19: CRM00262 | B19: 46042 | C19: Assault | D19: Wadajir | E19: Female | F19: Closed
A20: CRM00235 | B20: 45712 | C20: Theft | E20: Male | F20: Referred | G20: Medium
A21: CRM00158 | B21: 45919 | C21: Assault | D21: Wadajir | E21: Male | F21: Under Investigation | G21: High
A22: CRM00251 | B22: 46068 | C22: Robbery | D22: Hodan | E22: Female | F22: Closed | G22: High
A23: CRM00213 | B23: - | C23: Assault | D23: Wadajir | E23: Male | F23: Open | G23: High
A24: CRM00026 | B24: 45782 | C24: Theft | D24: Hodan | E24: Male | G24: Medium
A25: CRM00216 | B25: 46167 | D25: Karan | E25: Male | F25: Closed | G25: High
A26: CRM00064 | B26: 45885 | D26: Karan | E26: Male | F26: Open | G26: Medium
A27: CRM00278 | B27: N/A | C27: Robbery | D27: Daynile | E27: Male | F27: Closed | G27: High
A28: CRM00021 | B28: 45971 | C28: Traffic Offense | D28: Daynile | E28: Male | F28: Closed | G28: Low
A29: CRM00045 | B29: 45922 | C29: Robbery | D29: Hodan | E29: Male | F29: Closed | G29: High
A30: CRM00252 | B30: 46136 | C30: Assault | D30: Hodan | E30: Unknown | F30: Closed | G30: High
A31: CRM00234 | C31: Traffic Offense | D31: Daynile | E31: Unknown | F31: Closed | G31: Low
A32: CRM00049 | B32: 46208 | C32: Burglary | D32: Yaqshid | E32: Unknown | F32: Under Investigation | G32: Medium
A33: CRM00178 | B33: 46182 | C33: Theft | D33: Daynile | E33: NULL | F33: Under Investigation | G33: Medium
A34: CRM00140 | B34: 45671 | C34: Robbery | D34: Wadajir | E34: Female | F34: Under Investigation | G34: High
A35: CRM00215 | B35: 45853 | C35: Fraud | D35: Daynile | E35: Female | F35: Under Investigation | G35: Medium
A36: CRM00286 | B36: 45680 | C36: Fraud | D36: Wadajir | F36: Closed | G36: Medium
A37: CRM00240 | B37: 45761 | C37: Traffic Offense | D37: Waberi | E37: Male | F37: Open | G37: Low
B38: 45822 | C38: Robbery | D38: Hodan | E38: Unknown | F38: Closed | G38: High
A39: CRM00161 | B39: 45957 | C39: Theft | D39: Karan | E39: Male | F39: Under Investigation
A40: CRM00254 | B40: N/A | D40: Karan | E40: Male | F40: Open | G40: High
A41: CRM00090 | B41: 45995 | C41: Assault | D41: Karan | E41: Male | G41: High
A42: CRM00258 | C42: Assault | D42: Wadajir | E42: Male | F42: Closed | G42: High
A43: CRM00097 | B43: 46216 | C43: Assault | D43: Waberi | E43: Female | F43: Under Investigation | G43: High
A44: CRM00227 | B44: 45964 | C44: Traffic Offense | D44: Wadajir | E44: Male | F44: Closed | G44: Low
A45: CRM00010 | B45: 45967 | C45: Assault | D45: Hodan | E45: Male | F45: Under Investigation | G45: High
B46: 46017 | C46: Robbery | D46: Daynile | E46: Male | F46: Open | G46: High
A47: CRM00039 | B47: 46222 | C47: Fraud | D47: Hodan | E47: Male | F47: Under Investigation | G47: Medium
A48: CRM00291 | B48: 46176 | C48: Theft | E48: Male | F48: Under Investigation | G48: Medium
A49: CRM00101 | B49: 45729 | C49: Assault | D49: Hodan | E49: Male | F49: Open | G49: High
A50: CRM00128 | C50: Traffic Offense | D50: Karan | E50: Male | F50: Closed | G50: Low
A51: CRM00157 | B51: 46156 | C51: Robbery | D51: Daynile | E51: Female | F51: Referred | G51: High
A52: CRM00087 | B52: 45909 | C52: Burglary | D52: Yaqshid | E52: Unknown | F52: Open | G52: Medium
A53: CRM00194 | B53: 45765 | C53: Theft | D53: Karan | E53: Female | F53: Under Investigation
A54: CRM00223 | C54: Theft | D54: Hodan | E54: Male | F54: Closed | G54: Medium
A55: CRM00163 | C55: Theft | D55: Wadajir | E55: Male | F55: Closed | G55: Medium
A56: CRM00004 | B56: 46210 | C56: Theft | D56: Karan | E56: Male | F56: Open | G56: Medium
A57: CRM00112 | B57: 45870 | C57: Theft | D57: Karan | F57: Open | G57: Medium
A58: CRM00042 | C58: Fraud | D58: Hodan | E58: Female | F58: Open | G58: Medium
A59: CRM00059 | B59: 45710 | C59: Theft | D59: Wadajir | E59: Unknown | F59: Open | G59: Medium
A60: CRM00168 | B60: 46172 | C60: Theft | D60: Hodan | E60: Male | F60: Open | G60: Medium
A61: CRM00093 | B61: 45807 | C61: Theft | D61: Waberi | E61: Male | F61: Closed | G61: Medium
A62: CRM00104 | B62: 45793 | C62: Robbery | E62: Male | F62: Under Investigation | G62: High
A63: CRM00046 | B63: 46016 | C63: Fraud | D63: Wadajir | F63: Open | G63: Medium
A64: CRM00280 | B64: 45844 | C64: Theft | D64: Wadajir | E64: Female | F64: Closed | G64: Medium
A65: CRM00173 | B65: 45826 | C65: Theft | D65: - | F65: Closed | G65: Medium
A66: CRM00106 | B66: 46130 | C66: Theft | D66: Waberi | F66: Open | G66: Medium
A67: CRM00276 | B67: 46037 | C67: Theft | D67: Hodan | E67: Male | F67: Under Investigation | G67: Medium
A68: CRM00002 | B68: 45932 | C68: Assault | D68: Wadajir | E68: Female | G68: High
A69: CRM00231 | B69: 45834 | C69: Theft | D69: Waberi | E69: Unknown | G69: Medium
A70: CRM00179 | B70: 45845 | C70: Traffic Offense | D70: Wadajir | E70: Male | F70: Closed | G70: Low
A71: CRM00025 | B71: 45774 | C71: Assault | D71: Hodan | E71: Male | F71: Closed | G71: High
A72: CRM00241 | B72: 46092 | C72: Theft | D72: Wadajir | E72: Female | F72: Closed | G72: Medium
B73: 45832 | C73: Assault | D73: Yaqshid | E73: Female | F73: Referred | G73: High
A74: CRM00001 | B74: 45848 | C74: Fraud | D74: Hodan | E74: Male | F74: Under Investigation | G74: Medium
A75: CRM00075 | B75: 46002 | D75: Hodan | E75: Female | F75: Open | G75: Medium
A76: CRM00282 | B76: 45825 | C76: Assault | D76: Hodan | E76: Male | F76: Open | G76: High
A77: CRM00211 | B77: 45975 | C77: Theft | E77: Male | F77: closed | G77: Medium
A78: CRM00177 | B78: 45950 | C78: Fraud | D78: Waberi | E78: Female | F78: Closed | G78: Medium
A79: CRM00175 | B79: 45770 | C79: Assault | E79: Male | F79: Referred | G79: High
A80: CRM00041 | B80: 46052 | C80: Theft | D80: Yaqshid | E80: Female | G80: Medium
A81: CRM00094 | B81: 46061 | C81: Theft | D81: Wadajir | E81: Male | F81: Closed | G81: Medium
A82: CRM00051 | B82: 45921 | C82: Assault | D82: Daynile | E82: Female | F82: Under Investigation | G82: High
A83: CRM00099 | B83: 46129 | C83: Theft | D83: Wadajir | E83: Male | F83: Referred | G83: Medium
A84: CRM00029 | B84: 45879 | C84: Fraud | D84: Yaqshid | E84: Male | F84: Referred | G84: Medium
A85: CRM00088 | B85: 45930 | C85: Robbery | D85: Wadajir | E85: Male | F85: Under Investigation | G85: High
A86: CRM00151 | B86: 46018 | C86: Robbery | D86: Waberi | E86: Female | F86: Closed | G86: High
A87: CRM00200 | B87: 45831 | C87: Traffic Offense | D87: Hodan | E87: Unknown | F87: Closed | G87: Low
A88: CRM00006 | B88: 45988 | C88: Theft | D88: Waberi | E88: Female | F88: Open | G88: Medium
A89: CRM00134 | B89: 45866 | C89: Assault | D89: Hodan | E89: Unknown | F89: Open
A90: CRM00130 | B90: 46199 | C90: Fraud | D90: Hodan | E90: Female | F90: Referred | G90: NULL
A91: CRM00228 | B91: 46108 | C91: Fraud | D91: Waberi | E91: Unknown | F91: Under Investigation | G91: Medium
A92: CRM00131 | B92: 46054 | C92: Assault | D92: Yaqshid | E92: Female | F92: Referred | G92: High
A93: CRM00191 | B93: 45853 | C93: - | D93: Hodan | E93: Male | F93: Open | G93: Medium
A94: CRM00142 | B94: 46087 | C94: Assault | D94: Hodan | E94: Female | F94: Open | G94: High
A95: CRM00250 | B95: 45679 | C95: Traffic Offense | D95: Hodan | E95: Female | F95: Closed | G95: Low
A96: CRM00044 | B96: 46218 | C96: Traffic Offense | D96: Wadajir | E96: Male | F96: Open | G96: Low
A97: CRM00129 | B97: 46232 | C97: Fraud | D97: Daynile | E97: Female | F97: Closed | G97: Medium
A98: CRM00243 | B98: 45719 | C98: Traffic Offense | D98: Hodan | E98: Female | F98: Under Investigation
A99: CRM00224 | B99: 46147 | C99: Theft | D99: Wadajir | E99: Female | F99: Open | G99: Medium
A100: CRM00008 | B100: 45754 | C100: Theft | D100: Hodan | F100: Under Investigation | G100: Medium
...

Sheet pivottable
A3: Row Labels | B3: Count of Crime_ID
A4: Assault | B4: 60
A5: Burglary | B5: 18 | H5: Row Labels | I5: Count of Crime_ID
A6: Fraud | B6: 57 | H6: Daynile | I6: 38
A7: Robbery | B7: 44 | H7: Hodan | I7: 84
A8: Theft | B8: 85 | H8: Karan | I8: 32
A9: Traffic Offense | B9: 28 | H9: Waberi | I9: 32
A10: Grand Total | B10: 292 | H10: Wadajir | I10: 62
H11: Yaqshid | I11: 44
H12: Grand Total | I12: 292
A17: Row Labels | B17: Count of Crime_ID | F17: Row Labels | G17: Count of Crime_ID
A18: Female | B18: 89 | F18: Closed | G18: 123
A19: Male | B19: 160 | F19: Open | G19: 67
A20: Unknown | B20: 43 | F20: Referred | G20: 25
A21: Grand Total | B21: 292 | F21: Under Investigation | G21: 77
F22: Grand Total | G22: 292
A29: Row Labels | B29: Count of Crime_ID | G29: Row Labels | H29: Count of Crime_month name
A30: High | B30: 106 | G30: January | H30: 27
A31: Low | B31: 30 | G31: February | H31: 34
A32: Medium | B32: 156 | G32: March | H32: 21
A33: Grand Total | B33: 292 | G33: April | H33: 28
G34: May | H34: 30
G35: June | H35: 24
G36: July | H36: 56
G37: August | H37: 16
G38: September | H38: 17
A39: Row Labels | B39: Count of Crime_Year | G39: October | H39: 13
A40: 2025 | B40: 169 | G40: November | H40: 13
A41: 2026 | B41: 123 | G41: December | H41: 13
B42: 1 | H42: 1
A43: Grand Total | B43: 293 | G43: Grand Total | H43: 293
C53: Count of Crime_Year | D53: Column Labels
C54: Row Labels | D54: 2025 | E54: 2026 | G54: Grand Total
C55: Assault | D55: 33 | E55: 27 | G55: 60
C56: Burglary | D56: 15 | E56: 3 | G56: 18
C57: Fraud | D57: 33 | E57: 24 | G57: 57
C58: Robbery | D58: 25 | E58: 19 | G58: 44
C59: Theft | D59: 46 | E59: 39 | G59: 85
C60: Traffic Offense | D60: 17 | E60: 11 | F60: 1 | G60: 29
C61: Grand Total | D61: 169 | E61: 123 | F61: 1 | G61: 293

Sheet clean_data
A1: Crime_ID | B1: Crime_Date | C1: Crime_Type | D1: District | E1: Victim_Gender | F1: Case_Status | G1: Severity_Level | H1: Crime_Year | I1: Crime_month | J1: Crime_month name | K1: Data_Quality_Flag | L1: Duplicate_Flag | M1: Record_Status | N1: concat
A2: CRM001 | B2: 46215 | C2: Assault | D2: Waberi | E2: Male | F2: Open | G2: High | H2: =IF(B2="","",YEAR(B2)) -> 2026 | I2: =IF(B2="","",MONTH(B2)) -> 7 | J2: =IF(B2="","",TEXT(B2,"mmmm")) -> July | K2: =IF(COUNTBLANK(A2:G2)+COUNTIF(A2:G2,"Unknown")+COUNTIF(A2:G2,"-")>0,"Needs Review","OK") -> OK | L2: =IF(COUNTIF(A$2:A2,A2)>1,"Duplicate","Unique") -> Unique | M2: =IF(OR(K2="Needs Review",L2="Duplicate"),"Review","Ready") -> Ready | N2: =clean_data!D13 & " - " & clean_data!C13 -> Hodan - Traffic Offense
A3: CRM002 | B3: 45822 | C3: Robbery | D3: Hodan | E3: Unknown | F3: Closed | G3: High | H3: =IF(B3="","",YEAR(B3)) -> 2025 | I3: =IF(B3="","",MONTH(B3)) -> 6 | J3: =IF(B3="","",TEXT(B3,"mmmm")) -> June | K3: =IF(COUNTBLANK(A3:G3)+COUNTIF(A3:G3,"Unknown")+COUNTIF(A3:G3,"-")>0,"Needs Review","OK") -> Needs Review | L3: =IF(COUNTIF(A$2:A3,A3)>1,"Duplicate","Unique") -> Unique | M3: =IF(OR(K3="Needs Review",L3="Duplicate"),"Review","Ready") -> Review | N3: =clean_data!D38 & " - " & clean_data!C38 -> Karan - Assault
A4: CRM003 | B4: 46017 | C4: Robbery | D4: Daynile | E4: Male | F4: Open | G4: High | H4: =IF(B4="","",YEAR(B4)) -> 2025 | I4: =IF(B4="","",MONTH(B4)) -> 12 | J4: =IF(B4="","",TEXT(B4,"mmmm")) -> December | K4: =IF(COUNTBLANK(A4:G4)+COUNTIF(A4:G4,"Unknown")+COUNTIF(A4:G4,"-")>0,"Needs Review","OK") -> OK | L4: =IF(COUNTIF(A$2:A4,A4)>1,"Duplicate","Unique") -> Unique | M4: =IF(OR(K4="Needs Review",L4="Duplicate"),"Review","Ready") -> Ready | N4: =clean_data!D46 & " - " & clean_data!C46 -> Hodan - Burglary
A5: CRM004 | B5: 45832 | C5: Assault | D5: Yaqshid | E5: Female | F5: Referred | G5: High | H5: =IF(B5="","",YEAR(B5)) -> 2025 | I5: =IF(B5="","",MONTH(B5)) -> 6 | J5: =IF(B5="","",TEXT(B5,"mmmm")) -> June | K5: =IF(COUNTBLANK(A5:G5)+COUNTIF(A5:G5,"Unknown")+COUNTIF(A5:G5,"-")>0,"Needs Review","OK") -> OK | L5: =IF(COUNTIF(A$2:A5,A5)>1,"Duplicate","Unique") -> Unique | M5: =IF(OR(K5="Needs Review",L5="Duplicate"),"Review","Ready") -> Ready | N5: =clean_data!D73 & " - " & clean_data!C73 -> Hodan - Fraud
A6: CRM005 | B6: 46045 | C6: Assault | D6: Daynile | E6: Male | F6: Under Investigation | G6: High | H6: =IF(B6="","",YEAR(B6)) -> 2026 | I6: =IF(B6="","",MONTH(B6)) -> 1 | J6: =IF(B6="","",TEXT(B6,"mmmm")) -> January | K6: =IF(COUNTBLANK(A6:G6)+COUNTIF(A6:G6,"Unknown")+COUNTIF(A6:G6,"-")>0,"Needs Review","OK") -> OK | L6: =IF(COUNTIF(A$2:A6,A6)>1,"Duplicate","Unique") -> Unique | M6: =IF(OR(K6="Needs Review",L6="Duplicate"),"Review","Ready") -> Ready | N6: =clean_data!D111 & " - " & clean_data!C111 -> Wadajir - Assault
A7: CRM006 | B7: 46039 | C7: Robbery | D7: Daynile | E7: Male | F7: Closed | G7: High | H7: =IF(B7="","",YEAR(B7)) -> 2026 | I7: =IF(B7="","",MONTH(B7)) -> 1 | J7: =IF(B7="","",TEXT(B7,"mmmm")) -> January | K7: =IF(COUNTBLANK(A7:G7)+COUNTIF(A7:G7,"Unknown")+COUNTIF(A7:G7,"-")>0,"Needs Review","OK") -> OK | L7: =IF(COUNTIF(A$2:A7,A7)>1,"Duplicate","Unique") -> Unique | M7: =IF(OR(K7="Needs Review",L7="Duplicate"),"Review","Ready") -> Ready | N7: =clean_data!D118 & " - " & clean_data!C118 -> Hodan - Assault
A8: CRM007 | B8: 46159 | C8: Theft | D8: Wadajir | E8: Male | F8: Under Investigation | G8: Medium | H8: =IF(B8="","",YEAR(B8)) -> 2026 | I8: =IF(B8="","",MONTH(B8)) -> 5 | J8: =IF(B8="","",TEXT(B8,"mmmm")) -> May | K8: =IF(COUNTBLANK(A8:G8)+COUNTIF(A8:G8,"Unknown")+COUNTIF(A8:G8,"-")>0,"Needs Review","OK") -> OK | L8: =IF(COUNTIF(A$2:A8,A8)>1,"Duplicate","Unique") -> Unique | M8: =IF(OR(K8="Needs Review",L8="Duplicate"),"Review","Ready") -> Ready | N8: =clean_data!D127 & " - " & clean_data!C127 -> Yaqshid - Theft
A9: CRM008 | B9: 45850 | C9: Traffic Offense | D9: Daynile | E9: Female | F9: Closed | G9: Low | H9: =IF(B9="","",YEAR(B9)) -> 2025 | I9: =IF(B9="","",MONTH(B9)) -> 7 | J9: =IF(B9="","",TEXT(B9,"mmmm")) -> July | K9: =IF(COUNTBLANK(A9:G9)+COUNTIF(A9:G9,"Unknown")+COUNTIF(A9:G9,"-")>0,"Needs Review","OK") -> OK | L9: =IF(COUNTIF(A$2:A9,A9)>1,"Duplicate","Unique") -> Unique | M9: =IF(OR(K9="Needs Review",L9="Duplicate"),"Review","Ready") -> Ready | N9: =clean_data!D133 & " - " & clean_data!C133 -> Yaqshid - Fraud
A10: CRM009 | B10: 46204 | C10: Theft | D10: Wadajir | E10: Male | F10: Open | G10: Medium | H10: =IF(B10="","",YEAR(B10)) -> 2026 | I10: =IF(B10="","",MONTH(B10)) -> 7 | J10: =IF(B10="","",TEXT(B10,"mmmm")) -> July | K10: =IF(COUNTBLANK(A10:G10)+COUNTIF(A10:G10,"Unknown")+COUNTIF(A10:G10,"-")>0,"Needs Review","OK") -> OK | L10: =IF(COUNTIF(A$2:A10,A10)>1,"Duplicate","Unique") -> Unique | M10: =IF(OR(K10="Needs Review",L10="Duplicate"),"Review","Ready") -> Ready | N10: =clean_data!D195 & " - " & clean_data!C195 -> Waberi - Robbery
A11: CRM010 | B11: 46063 | C11: Robbery | D11: Daynile | E11: Female | F11: Under Investigation | G11: High | H11: =IF(B11="","",YEAR(B11)) -> 2026 | I11: =IF(B11="","",MONTH(B11)) -> 2 | J11: =IF(B11="","",TEXT(B11,"mmmm")) -> February | K11: =IF(COUNTBLANK(A11:G11)+COUNTIF(A11:G11,"Unknown")+COUNTIF(A11:G11,"-")>0,"Needs Review","OK") -> OK | L11: =IF(COUNTIF(A$2:A11,A11)>1,"Duplicate","Unique") -> Unique | M11: =IF(OR(K11="Needs Review",L11="Duplicate"),"Review","Ready") -> Ready | N11: =clean_data!D215 & " - " & clean_data!C215 -> Hodan - Theft
A12: CRM011 | B12: 45748 | C12: Burglary | D12: Waberi | E12: Female | F12: Under Investigation | G12: Medium | H12: =IF(B12="","",YEAR(B12)) -> 2025 | I12: =IF(B12="","",MONTH(B12)) -> 4 | J12: =IF(B12="","",TEXT(B12,"mmmm")) -> April | K12: =IF(COUNTBLANK(A12:G12)+COUNTIF(A12:G12,"Unknown")+COUNTIF(A12:G12,"-")>0,"Needs Review","OK") -> OK | L12: =IF(COUNTIF(A$2:A12,A12)>1,"Duplicate","Unique") -> Unique | M12: =IF(OR(K12="Needs Review",L12="Duplicate"),"Review","Ready") -> Ready | N12: =clean_data!D226 & " - " & clean_data!C226 -> Daynile - Traffic Offense
A13: CRM012 | B13: 46161 | C13: Traffic Offense | D13: Hodan | E13: Female | F13: Open | G13: Low | H13: =IF(B13="","",YEAR(B13)) -> 2026 | I13: =IF(B13="","",MONTH(B13)) -> 5 | J13: =IF(B13="","",TEXT(B13,"mmmm")) -> May | K13: =IF(COUNTBLANK(A13:G13)+COUNTIF(A13:G13,"Unknown")+COUNTIF(A13:G13,"-")>0,"Needs Review","OK") -> OK | L13: =IF(COUNTIF(A$2:A13,A13)>1,"Duplicate","Unique") -> Unique | M13: =IF(OR(K13="Needs Review",L13="Duplicate"),"Review","Ready") -> Ready | N13: =clean_data!D242 & " - " & clean_data!C242 -> Waberi - Robbery
A14: CRM013 | B14: 46050 | C14: Theft | D14: Wadajir | E14: Male | F14: Closed | G14: Medium | H14: =IF(B14="","",YEAR(B14)) -> 2026 | I14: =IF(B14="","",MONTH(B14)) -> 1 | J14: =IF(B14="","",TEXT(B14,"mmmm")) -> January | K14: =IF(COUNTBLANK(A14:G14)+COUNTIF(A14:G14,"Unknown")+COUNTIF(A14:G14,"-")>0,"Needs Review","OK") -> OK | L14: =IF(COUNTIF(A$2:A14,A14)>1,"Duplicate","Unique") -> Unique | M14: =IF(OR(K14="Needs Review",L14="Duplicate"),"Review","Ready") -> Ready | N14: =clean_data!D267 & " - " & clean_data!C267 -> Hodan - Assault
A15: CRM014 | B15: 45951 | C15: Fraud | D15: Karan | E15: Male | F15: Open | G15: Medium | H15: =IF(B15="","",YEAR(B15)) -> 2025 | I15: =IF(B15="","",MONTH(B15)) -> 10 | J15: =IF(B15="","",TEXT(B15,"mmmm")) -> October | K15: =IF(COUNTBLANK(A15:G15)+COUNTIF(A15:G15,"Unknown")+COUNTIF(A15:G15,"-")>0,"Needs Review","OK") -> OK | L15: =IF(COUNTIF(A$2:A15,A15)>1,"Duplicate","Unique") -> Unique | M15: =IF(OR(K15="Needs Review",L15="Duplicate"),"Review","Ready") -> Ready | N15: =clean_data!D273 & " - " & clean_data!C273 -> Daynile - Traffic Offense
A16: CRM015 | B16: 45992 | C16: Fraud | D16: Yaqshid | E16: Male | F16: Closed | G16: Medium | H16: =IF(B16="","",YEAR(B16)) -> 2025 | I16: =IF(B16="","",MONTH(B16)) -> 12 | J16: =IF(B16="","",TEXT(B16,"mmmm")) -> December | K16: =IF(COUNTBLANK(A16:G16)+COUNTIF(A16:G16,"Unknown")+COUNTIF(A16:G16,"-")>0,"Needs Review","OK") -> OK | L16: =IF(COUNTIF(A$2:A16,A16)>1,"Duplicate","Unique") -> Unique | M16: =IF(OR(K16="Needs Review",L16="Duplicate"),"Review","Ready") -> Ready | N16: =clean_data!D279 & " - " & clean_data!C279 -> Yaqshid - Fraud
A17: CRM00292 | B17: 45912 | C17: Robbery | D17: Wadajir | E17: Male | F17: Closed | G17: =IF(G2="Unknown","High",G2) -> High | H17: =IF(B17="","",YEAR(B17)) -> 2025 | I17: =IF(B17="","",MONTH(B17)) -> 9 | J17: =IF(B17="","",TEXT(B17,"mmmm")) -> September | K17: =IF(COUNTBLANK(A17:G17)+COUNTIF(A17:G17,"Unknown")+COUNTIF(A17:G17,"-")>0,"Needs Review","OK") -> OK | L17: =IF(COUNTIF(A$2:A17,A17)>1,"Duplicate","Unique") -> Unique | M17: =IF(OR(K17="Needs Review",L17="Duplicate"),"Review","Ready") -> Ready | N17: =clean_data!D113 & " - " & clean_data!C113 -> Hodan - Assault
A18: CRM00291 | B18: 46176 | C18: Theft | D18: =IF(D2="Unknown","Hodan",D2) -> Waberi | E18: Male | F18: Under Investigation | G18: Medium | H18: =IF(B18="","",YEAR(B18)) -> 2026 | I18: =IF(B18="","",MONTH(B18)) -> 6 | J18: =IF(B18="","",TEXT(B18,"mmmm")) -> June | K18: =IF(COUNTBLANK(A18:G18)+COUNTIF(A18:G18,"Unknown")+COUNTIF(A18:G18,"-")>0,"Needs Review","OK") -> OK | L18: =IF(COUNTIF(A$2:A18,A18)>1,"Duplicate","Unique") -> Unique | M18: =IF(OR(K18="Needs Review",L18="Duplicate"),"Review","Ready") -> Ready | N18: =clean_data!D48 & " - " & clean_data!C48 -> Yaqshid - Theft
A19: CRM00290 | B19: 45714 | C19: Burglary | D19: =IF(D3="Unknown","Hodan",D3) -> Hodan | E19: Male | F19: Closed | G19: Medium | H19: =IF(B19="","",YEAR(B19)) -> 2025 | I19: =IF(B19="","",MONTH(B19)) -> 2 | J19: =IF(B19="","",TEXT(B19,"mmmm")) -> February | K19: =IF(COUNTBLANK(A19:G19)+COUNTIF(A19:G19,"Unknown")+COUNTIF(A19:G19,"-")>0,"Needs Review","OK") -> OK | L19: =IF(COUNTIF(A$2:A19,A19)>1,"Duplicate","Unique") -> Unique | M19: =IF(OR(K19="Needs Review",L19="Duplicate"),"Review","Ready") -> Ready | N19: =clean_data!D3 & " - " & clean_data!C3 -> Hodan - Robbery
A20: CRM00289 | B20: 46059 | C20: Fraud | D20: Wadajir | E20: Male | F20: {=IF(F2="Unknown",INDEX(F$2:F$292,MODE(MATCH(F$2:F$292,F$2:F$292,0))),F2)} -> Open | G20: Medium | H20: =IF(B20="","",YEAR(B20)) -> 2026 | I20: =IF(B20="","",MONTH(B20)) -> 2 | J20: =IF(B20="","",TEXT(B20,"mmmm")) -> February | K20: =IF(COUNTBLANK(A20:G20)+COUNTIF(A20:G20,"Unknown")+COUNTIF(A20:G20,"-")>0,"Needs Review","OK") -> OK | L20: =IF(COUNTIF(A$2:A20,A20)>1,"Duplicate","Unique") -> Unique | M20: =IF(OR(K20="Needs Review",L20="Duplicate"),"Review","Ready") -> Ready | N20: =clean_data!D115 & " - " & clean_data!C115 -> Karan - Theft
A21: CRM00288 | B21: 45983 | C21: Fraud | D21: Karan | E21: Female | F21: Closed | G21: Medium | H21: =IF(B21="","",YEAR(B21)) -> 2025 | I21: =IF(B21="","",MONTH(B21)) -> 11 | J21: =IF(B21="","",TEXT(B21,"mmmm")) -> November | K21: =IF(COUNTBLANK(A21:G21)+COUNTIF(A21:G21,"Unknown")+COUNTIF(A21:G21,"-")>0,"Needs Review","OK") -> OK | L21: =IF(COUNTIF(A$2:A21,A21)>1,"Duplicate","Unique") -> Unique | M21: =IF(OR(K21="Needs Review",L21="Duplicate"),"Review","Ready") -> Ready | N21: =clean_data!D230 & " - " & clean_data!C230 -> Wadajir - Burglary
A22: CRM00287 | B22: 45736 | C22: Robbery | D22: Daynile | E22: Female | F22: Under Investigation | G22: High | H22: =IF(B22="","",YEAR(B22)) -> 2025 | I22: =IF(B22="","",MONTH(B22)) -> 3 | J22: =IF(B22="","",TEXT(B22,"mmmm")) -> March | K22: =IF(COUNTBLANK(A22:G22)+COUNTIF(A22:G22,"Unknown")+COUNTIF(A22:G22,"-")>0,"Needs Review","OK") -> OK | L22: =IF(COUNTIF(A$2:A22,A22)>1,"Duplicate","Unique") -> Unique | M22: =IF(OR(K22="Needs Review",L22="Duplicate"),"Review","Ready") -> Ready | N22: =clean_data!D218 & " - " & clean_data!C218 -> Karan - Theft
A23: CRM00286 | B23: 45680 | C23: Fraud | D23: Wadajir | E23: unknown | F23: Closed | G23: Medium | H23: =IF(B23="","",YEAR(B23)) -> 2025 | I23: =IF(B23="","",MONTH(B23)) -> 1 | J23: =IF(B23="","",TEXT(B23,"mmmm")) -> January | K23: =IF(COUNTBLANK(A23:G23)+COUNTIF(A23:G23,"Unknown")+COUNTIF(A23:G23,"-")>0,"Needs Review","OK") -> Needs Review | L23: =IF(COUNTIF(A$2:A23,A23)>1,"Duplicate","Unique") -> Unique | M23: =IF(OR(K23="Needs Review",L23="Duplicate"),"Review","Ready") -> Review | N23: =clean_data!D36 & " - " & clean_data!C36 -> Karan - Theft
A24: CRM00285 | B24: 45882 | C24: {=IF(C2="Unknown",INDEX(C$2:C$292,MODE(MATCH(C$2:C$292,C$2:C$292,0))),C2)} -> Assault | D24: Daynile | E24: Unknown | F24: Closed | G24: High | H24: =IF(B24="","",YEAR(B24)) -> 2025 | I24: =IF(B24="","",MONTH(B24)) -> 8 | J24: =IF(B24="","",TEXT(B24,"mmmm")) -> August | K24: =IF(COUNTBLANK(A24:G24)+COUNTIF(A24:G24,"Unknown")+COUNTIF(A24:G24,"-")>0,"Needs Review","OK") -> Needs Review | L24: =IF(COUNTIF(A$2:A24,A24)>1,"Duplicate","Unique") -> Unique | M24: =IF(OR(K24="Needs Review",L24="Duplicate"),"Review","Ready") -> Review | N24: =clean_data!D142 & " - " & clean_data!C142 -> Yaqshid - Theft
A25: CRM00284 | B25: 45933 | C25: Robbery | D25: Yaqshid | E25: unknown | F25: Under Investigation | G25: High | H25: =IF(B25="","",YEAR(B25)) -> 2025 | I25: =IF(B25="","",MONTH(B25)) -> 10 | J25: =IF(B25="","",TEXT(B25,"mmmm")) -> October | K25: =IF(COUNTBLANK(A25:G25)+COUNTIF(A25:G25,"Unknown")+COUNTIF(A25:G25,"-")>0,"Needs Review","OK") -> Needs Review | L25: =IF(COUNTIF(A$2:A25,A25)>1,"Duplicate","Unique") -> Unique | M25: =IF(OR(K25="Needs Review",L25="Duplicate"),"Review","Ready") -> Review | N25: =clean_data!D205 & " - " & clean_data!C205 -> Waberi - Assault
A26: CRM00283 | B26: 45945 | C26: Traffic Offense | D26: Daynile | E26: Male | F26: Closed | G26: Low | H26: =IF(B26="","",YEAR(B26)) -> 2025 | I26: =IF(B26="","",MONTH(B26)) -> 10 | J26: =IF(B26="","",TEXT(B26,"mmmm")) -> October | K26: =IF(COUNTBLANK(A26:G26)+COUNTIF(A26:G26,"Unknown")+COUNTIF(A26:G26,"-")>0,"Needs Review","OK") -> OK | L26: =IF(COUNTIF(A$2:A26,A26)>1,"Duplicate","Unique") -> Unique | M26: =IF(OR(K26="Needs Review",L26="Duplicate"),"Review","Ready") -> Ready | N26: =clean_data!D221 & " - " & clean_data!C221 -> Yaqshid - Theft
A27: CRM00282 | B27: 45825 | C27: Assault | D27: Hodan | E27: Male | F27: Open | G27: High | H27: =IF(B27="","",YEAR(B27)) -> 2025 | I27: =IF(B27="","",MONTH(B27)) -> 6 | J27: =IF(B27="","",TEXT(B27,"mmmm")) -> June | K27: =IF(COUNTBLANK(A27:G27)+COUNTIF(A27:G27,"Unknown")+COUNTIF(A27:G27,"-")>0,"Needs Review","OK") -> OK | L27: =IF(COUNTIF(A$2:A27,A27)>1,"Duplicate","Unique") -> Unique | M27: =IF(OR(K27="Needs Review",L27="Duplicate"),"Review","Ready") -> Ready | N27: =clean_data!D76 & " - " & clean_data!C76 -> Daynile - Assault
A28: CRM00281 | B28: 45915 | C28: Burglary | D28: Yaqshid | E28: Male | F28: Under Investigation | G28: Medium | H28: =IF(B28="","",YEAR(B28)) -> 2025 | I28: =IF(B28="","",MONTH(B28)) -> 9 | J28: =IF(B28="","",TEXT(B28,"mmmm")) -> September | K28: =IF(COUNTBLANK(A28:G28)+COUNTIF(A28:G28,"Unknown")+COUNTIF(A28:G28,"-")>0,"Needs Review","OK") -> OK | L28: =IF(COUNTIF(A$2:A28,A28)>1,"Duplicate","Unique") -> Unique | M28: =IF(OR(K28="Needs Review",L28="Duplicate"),"Review","Ready") -> Ready | N28: =clean_data!D189 & " - " & clean_data!C189 -> Waberi - Assault
A29: CRM00280 | B29: 45844 | C29: Theft | D29: Wadajir | E29: Female | F29: Closed | G29: Medium | H29: =IF(B29="","",YEAR(B29)) -> 2025 | I29: =IF(B29="","",MONTH(B29)) -> 7 | J29: =IF(B29="","",TEXT(B29,"mmmm")) -> July | K29: =IF(COUNTBLANK(A29:G29)+COUNTIF(A29:G29,"Unknown")+COUNTIF(A29:G29,"-")>0,"Needs Review","OK") -> OK | L29: =IF(COUNTIF(A$2:A29,A29)>1,"Duplicate","Unique") -> Unique | M29: =IF(OR(K29="Needs Review",L29="Duplicate"),"Review","Ready") -> Ready | N29: =clean_data!D64 & " - " & clean_data!C64 -> Daynile - Theft
A30: CRM00279 | B30: 46005 | C30: Burglary | D30: Karan | E30: Male | F30: {=IF(F12="Unknown",INDEX(F$2:F$292,MODE(MATCH(F$2:F$292,F$2:F$292,0))),F12)} -> Under Investigation | G30: Medium | H30: =IF(B30="","",YEAR(B30)) -> 2025 | I30: =IF(B30="","",MONTH(B30)) -> 12 | J30: =IF(B30="","",TEXT(B30,"mmmm")) -> December | K30: =IF(COUNTBLANK(A30:G30)+COUNTIF(A30:G30,"Unknown")+COUNTIF(A30:G30,"-")>0,"Needs Review","OK") -> OK | L30: =IF(COUNTIF(A$2:A30,A30)>1,"Duplicate","Unique") -> Unique | M30: =IF(OR(K30="Needs Review",L30="Duplicate"),"Review","Ready") -> Ready | N30: =clean_data!D286 & " - " & clean_data!C286 -> Hodan - Theft
A31: CRM00278 | B31: =IF(B2="Unknown",MEDIAN($B$2:$B$292),B2) -> 46215 | C31: Robbery | D31: Daynile | E31: Male | F31: Closed | G31: High | H31: =IF(B31="","",YEAR(B31)) -> 2026 | I31: =IF(B31="","",MONTH(B31)) -> 7 | J31: =IF(B31="","",TEXT(B31,"mmmm")) -> July | K31: =IF(COUNTBLANK(A31:G31)+COUNTIF(A31:G31,"Unknown")+COUNTIF(A31:G31,"-")>0,"Needs Review","OK") -> OK | L31: =IF(COUNTIF(A$2:A31,A31)>1,"Duplicate","Unique") -> Unique | M31: =IF(OR(K31="Needs Review",L31="Duplicate"),"Review","Ready") -> Ready | N31: =clean_data!D27 & " - " & clean_data!C27 -> Hodan - Assault
A32: CRM00277 | B32: =IF(B2="Unknown",MEDIAN($B$2:$B$292),B2) -> 46215 | C32: Theft | D32: Yaqshid | E32: Male | F32: Closed | G32: Medium | H32: =IF(B32="","",YEAR(B32)) -> 2026 | I32: =IF(B32="","",MONTH(B32)) -> 7 | J32: =IF(B32="","",TEXT(B32,"mmmm")) -> July | K32: =IF(COUNTBLANK(A32:G32)+COUNTIF(A32:G32,"Unknown")+COUNTIF(A32:G32,"-")>0,"Needs Review","OK") -> OK | L32: =IF(COUNTIF(A$2:A32,A32)>1,"Duplicate","Unique") -> Unique | M32: =IF(OR(K32="Needs Review",L32="Duplicate"),"Review","Ready") -> Ready | N32: =clean_data!D283 & " - " & clean_data!C283 -> Waberi - Robbery
A33: CRM00276 | B33: 46037 | C33: Theft | D33: Hodan | E33: Male | F33: Under Investigation | G33: Medium | H33: =IF(B33="","",YEAR(B33)) -> 2026 | I33: =IF(B33="","",MONTH(B33)) -> 1 | J33: =IF(B33="","",TEXT(B33,"mmmm")) -> January | K33: =IF(COUNTBLANK(A33:G33)+COUNTIF(A33:G33,"Unknown")+COUNTIF(A33:G33,"-")>0,"Needs Review","OK") -> OK | L33: =IF(COUNTIF(A$2:A33,A33)>1,"Duplicate","Unique") -> Unique | M33: =IF(OR(K33="Needs Review",L33="Duplicate"),"Review","Ready") -> Ready | N33: =clean_data!D67 & " - " & clean_data!C67 -> Karan - Robbery
A34: CRM00275 | B34: 46162 | C34: Theft | D34: Daynile | E34: Male | F34: Closed | G34: Medium | H34: =IF(B34="","",YEAR(B34)) -> 2026 | I34: =IF(B34="","",MONTH(B34)) -> 5 | J34: =IF(B34="","",TEXT(B34,"mmmm")) -> May | K34: =IF(COUNTBLANK(A34:G34)+COUNTIF(A34:G34,"Unknown")+COUNTIF(A34:G34,"-")>0,"Needs Review","OK") -> OK | L34: =IF(COUNTIF(A$2:A34,A34)>1,"Duplicate","Unique") -> Unique | M34: =IF(OR(K34="Needs Review",L34="Duplicate"),"Review","Ready") -> Ready | N34: =clean_data!D281 & " - " & clean_data!C281 -> Daynile - Theft
A35: CRM00274 | B35: 45877 | C35: Theft | D35: Hodan | E35: Male | F35: Closed | G35: Medium | H35: =IF(B35="","",YEAR(B35)) -> 2025 | I35: =IF(B35="","",MONTH(B35)) -> 8 | J35: =IF(B35="","",TEXT(B35,"mmmm")) -> August | K35: =IF(COUNTBLANK(A35:G35)+COUNTIF(A35:G35,"Unknown")+COUNTIF(A35:G35,"-")>0,"Needs Review","OK") -> OK | L35: =IF(COUNTIF(A$2:A35,A35)>1,"Duplicate","Unique") -> Unique | M35: =IF(OR(K35="Needs Review",L35="Duplicate"),"Review","Ready") -> Ready | N35: =clean_data!D180 & " - " & clean_data!C180 -> Wadajir - Assault
A36: CRM00273 | B36: 45915 | C36: Theft | D36: Karan | E36: Male | F36: Open | G36: Medium | H36: =IF(B36="","",YEAR(B36)) -> 2025 | I36: =IF(B36="","",MONTH(B36)) -> 9 | J36: =IF(B36="","",TEXT(B36,"mmmm")) -> September | K36: =IF(COUNTBLANK(A36:G36)+COUNTIF(A36:G36,"Unknown")+COUNTIF(A36:G36,"-")>0,"Needs Review","OK") -> OK | L36: =IF(COUNTIF(A$2:A36,A36)>1,"Duplicate","Unique") -> Unique | M36: =IF(OR(K36="Needs Review",L36="Duplicate"),"Review","Ready") -> Ready | N36: =clean_data!D131 & " - " & clean_data!C131 -> Karan - Assault
A37: CRM00272 | B37: 46120 | C37: {=IF(C2="Unknown",INDEX(C$2:C$292,MODE(MATCH(C$2:C$292,C$2:C$292,0))),C2)} -> Assault | D37: Hodan | E37: Unknown | F37: Closed | G37: Low | H37: =IF(B37="","",YEAR(B37)) -> 2026 | I37: =IF(B37="","",MONTH(B37)) -> 4 | J37: =IF(B37="","",TEXT(B37,"mmmm")) -> April | K37: =IF(COUNTBLANK(A37:G37)+COUNTIF(A37:G37,"Unknown")+COUNTIF(A37:G37,"-")>0,"Needs Review","OK") -> Needs Review | L37: =IF(COUNTIF(A$2:A37,A37)>1,"Duplicate","Unique") -> Unique | M37: =IF(OR(K37="Needs Review",L37="Duplicate"),"Review","Ready") -> Review | N37: =clean_data!D192 & " - " & clean_data!C192 -> Karan - Theft
A38: CRM00271 | B38: =IF(B2="Unknown",MEDIAN($B$2:$B$292),B2) -> 46215 | C38: Assault | D38: Karan | E38: Male | F38: Closed | G38: High | H38: =IF(B38="","",YEAR(B38)) -> 2026 | I38: =IF(B38="","",MONTH(B38)) -> 7 | J38: =IF(B38="","",TEXT(B38,"mmmm")) -> July | K38: =IF(COUNTBLANK(A38:G38)+COUNTIF(A38:G38,"Unknown")+COUNTIF(A38:G38,"-")>0,"Needs Review","OK") -> OK | L38: =IF(COUNTIF(A$2:A38,A38)>1,"Duplicate","Unique") -> Unique | M38: =IF(OR(K38="Needs Review",L38="Duplicate"),"Review","Ready") -> Ready | N38: =clean_data!D190 & " - " & clean_data!C190 -> Hodan - Assault
A39: CRM00270 | B39: 46058 | C39: Theft | D39: Wadajir | E39: Female | F39: {=IF(F21="Unknown",INDEX(F$2:F$292,MODE(MATCH(F$2:F$292,F$2:F$292,0))),F21)} -> Closed | G39: Medium | H39: =IF(B39="","",YEAR(B39)) -> 2026 | I39: =IF(B39="","",MONTH(B39)) -> 2 | J39: =IF(B39="","",TEXT(B39,"mmmm")) -> February | K39: =IF(COUNTBLANK(A39:G39)+COUNTIF(A39:G39,"Unknown")+COUNTIF(A39:G39,"-")>0,"Needs Review","OK") -> OK | L39: =IF(COUNTIF(A$2:A39,A39)>1,"Duplicate","Unique") -> Unique | M39: =IF(OR(K39="Needs Review",L39="Duplicate"),"Review","Ready") -> Ready | N39: =clean_data!D158 & " - " & clean_data!C158 -> Hodan - Assault
A40: CRM00269 | B40: 45950 | C40: Robbery | D40: Wadajir | E40: Male | F40: Closed | G40: High | H40: =IF(B40="","",YEAR(B40)) -> 2025 | I40: =IF(B40="","",MONTH(B40)) -> 10 | J40: =IF(B40="","",TEXT(B40,"mmmm")) -> October | K40: =IF(COUNTBLANK(A40:G40)+COUNTIF(A40:G40,"Unknown")+COUNTIF(A40:G40,"-")>0,"Needs Review","OK") -> OK | L40: =IF(COUNTIF(A$2:A40,A40)>1,"Duplicate","Unique") -> Unique | M40: =IF(OR(K40="Needs Review",L40="Duplicate"),"Review","Ready") -> Ready | N40: =clean_data!D196 & " - " & clean_data!C196 -> Waberi - Theft
A41: CRM00268 | B41: 46043 | C41: Assault | D41: Karan | E41: Male | F41: Referred | G41: High | H41: =IF(B41="","",YEAR(B41)) -> 2026 | I41: =IF(B41="","",MONTH(B41)) -> 1 | J41: =IF(B41="","",TEXT(B41,"mmmm")) -> January | K41: =IF(COUNTBLANK(A41:G41)+COUNTIF(A41:G41,"Unknown")+COUNTIF(A41:G41,"-")>0,"Needs Review","OK") -> OK | L41: =IF(COUNTIF(A$2:A41,A41)>1,"Duplicate","Unique") -> Unique | M41: =IF(OR(K41="Needs Review",L41="Duplicate"),"Review","Ready") -> Ready | N41: =clean_data!D223 & " - " & clean_data!C223 -> Hodan - Theft
A42: CRM00267 | B42: =IF(B2="Unknown",MEDIAN($B$2:$B$292),B2) -> 46215 | C42: Assault | D42: Hodan | E42: Unknown | F42: Under Investigation | G42: High | H42: =IF(B42="","",YEAR(B42)) -> 2026 | I42: =IF(B42="","",MONTH(B42)) -> 7 | J42: =IF(B42="","",TEXT(B42,"mmmm")) -> July | K42: =IF(COUNTBLANK(A42:G42)+COUNTIF(A42:G42,"Unknown")+COUNTIF(A42:G42,"-")>0,"Needs Review","OK") -> Needs Review | L42: =IF(COUNTIF(A$2:A42,A42)>1,"Duplicate","Unique") -> Unique | M42: =IF(OR(K42="Needs Review",L42="Duplicate"),"Review","Ready") -> Review | N42: =clean_data!D207 & " - " & clean_data!C207 -> Wadajir - Theft
A43: CRM00266 | B43: 45781 | C43: Fraud | D43: =IF(D27="Unknown","Hodan",D27) -> Hodan | E43: Male | F43: Closed | G43: Medium | H43: =IF(B43="","",YEAR(B43)) -> 2025 | I43: =IF(B43="","",MONTH(B43)) -> 5 | J43: =IF(B43="","",TEXT(B43,"mmmm")) -> May | K43: =IF(COUNTBLANK(A43:G43)+COUNTIF(A43:G43,"Unknown")+COUNTIF(A43:G43,"-")>0,"Needs Review","OK") -> OK | L43: =IF(COUNTIF(A$2:A43,A43)>1,"Duplicate","Unique") -> Unique | M43: =IF(OR(K43="Needs Review",L43="Duplicate"),"Review","Ready") -> Ready | N43: =clean_data!D201 & " - " & clean_data!C201 -> Hodan - Assault
A44: CRM00265 | B44: 45705 | C44: Fraud | D44: Wadajir | E44: Male | F44: Under Investigation | G44: Medium | H44: =IF(B44="","",YEAR(B44)) -> 2025 | I44: =IF(B44="","",MONTH(B44)) -> 2 | J44: =IF(B44="","",TEXT(B44,"mmmm")) -> February | K44: =IF(COUNTBLANK(A44:G44)+COUNTIF(A44:G44,"Unknown")+COUNTIF(A44:G44,"-")>0,"Needs Review","OK") -> OK | L44: =IF(COUNTIF(A$2:A44,A44)>1,"Duplicate","Unique") -> Unique | M44: =IF(OR(K44="Needs Review",L44="Duplicate"),"Review","Ready") -> Ready | N44: =clean_data!D7 & " - " & clean_data!C7 -> Daynile - Robbery
A45: CRM00264 | B45: 45775 | C45: Burglary | D45: Hodan | E45: Male | F45: Closed | G45: Medium | H45: =IF(B45="","",YEAR(B45)) -> 2025 | I45: =IF(B45="","",MONTH(B45)) -> 4 | J45: =IF(B45="","",TEXT(B45,"mmmm")) -> April | K45: =IF(COUNTBLANK(A45:G45)+COUNTIF(A45:G45,"Unknown")+COUNTIF(A45:G45,"-")>0,"Needs Review","OK") -> OK | L45: =IF(COUNTIF(A$2:A45,A45)>1,"Duplicate","Unique") -> Unique | M45: =IF(OR(K45="Needs Review",L45="Duplicate"),"Review","Ready") -> Ready | N45: =clean_data!D112 & " - " & clean_data!C112 -> Karan - Burglary
A46: CRM00263 | B46: 45664 | C46: Burglary | D46: Hodan | E46: Female | F46: Open | G46: Medium | H46: =IF(B46="","",YEAR(B46)) -> 2025 | I46: =IF(B46="","",MONTH(B46)) -> 1 | J46: =IF(B46="","",TEXT(B46,"mmmm")) -> January | K46: =IF(COUNTBLANK(A46:G46)+COUNTIF(A46:G46,"Unknown")+COUNTIF(A46:G46,"-")>0,"Needs Review","OK") -> OK | L46: =IF(COUNTIF(A$2:A46,A46)>1,"Duplicate","Unique") -> Unique | M46: =IF(OR(K46="Needs Review",L46="Duplicate"),"Review","Ready") -> Ready | N46: =clean_data!D177 & " - " & clean_data!C177 -> Karan - Traffic Offense
A47: CRM00262 | B47: 46042 | C47: Assault | D47: Wadajir | E47: Female | F47: Closed | G47: =IF(G32="Unknown","High",G32) -> Medium | H47: =IF(B47="","",YEAR(B47)) -> 2026 | I47: =IF(B47="","",MONTH(B47)) -> 1 | J47: =IF(B47="","",TEXT(B47,"mmmm")) -> January | K47: =IF(COUNTBLANK(A47:G47)+COUNTIF(A47:G47,"Unknown")+COUNTIF(A47:G47,"-")>0,"Needs Review","OK") -> OK | L47: =IF(COUNTIF(A$2:A47,A47)>1,"Duplicate","Unique") -> Unique | M47: =IF(OR(K47="Needs Review",L47="Duplicate"),"Review","Ready") -> Ready | N47: =clean_data!D19 & " - " & clean_data!C19 -> Hodan - Burglary
A48: CRM00261 | B48: 45715 | C48: Theft | D48: =IF(D32="Unknown","Hodan",D32) -> Yaqshid | E48: Male | F48: Referred | G48: Medium | H48: =IF(B48="","",YEAR(B48)) -> 2025 | I48: =IF(B48="","",MONTH(B48)) -> 2 | J48: =IF(B48="","",TEXT(B48,"mmmm")) -> February | K48: =IF(COUNTBLANK(A48:G48)+COUNTIF(A48:G48,"Unknown")+COUNTIF(A48:G48,"-")>0,"Needs Review","OK") -> OK | L48: =IF(COUNTIF(A$2:A48,A48)>1,"Duplicate","Unique") -> Unique | M48: =IF(OR(K48="Needs Review",L48="Duplicate"),"Review","Ready") -> Ready | N48: =clean_data!D234 & " - " & clean_data!C234 -> Hodan - Fraud
A49: CRM00260 | B49: 45871 | C49: Theft | D49: Waberi | E49: Male | F49: Open | G49: Medium | H49: =IF(B49="","",YEAR(B49)) -> 2025 | I49: =IF(B49="","",MONTH(B49)) -> 8 | J49: =IF(B49="","",TEXT(B49,"mmmm")) -> August | K49: =IF(COUNTBLANK(A49:G49)+COUNTIF(A49:G49,"Unknown")+COUNTIF(A49:G49,"-")>0,"Needs Review","OK") -> OK | L49: =IF(COUNTIF(A$2:A49,A49)>1,"Duplicate","Unique") -> Unique | M49: =IF(OR(K49="Needs Review",L49="Duplicate"),"Review","Ready") -> Ready | N49: =clean_data!D101 & " - " & clean_data!C101 -> Karan - Robbery
A50: CRM00259 | B50: 46178 | C50: Robbery | D50: Karan | E50: Male | F50: Under Investigation | G50: High | H50: =IF(B50="","",YEAR(B50)) -> 2026 | I50: =IF(B50="","",MONTH(B50)) -> 6 | J50: =IF(B50="","",TEXT(B50,"mmmm")) -> June | K50: =IF(COUNTBLANK(A50:G50)+COUNTIF(A50:G50,"Unknown")+COUNTIF(A50:G50,"-")>0,"Needs Review","OK") -> OK | L50: =IF(COUNTIF(A$2:A50,A50)>1,"Duplicate","Unique") -> Unique | M50: =IF(OR(K50="Needs Review",L50="Duplicate"),"Review","Ready") -> Ready | N50: =clean_data!D184 & " - " & clean_data!C184 -> Daynile - Theft
A51: CRM00258 | B51: =IF(B2="Unknown",MEDIAN($B$2:$B$292),B2) -> 46215 | C51: Assault | D51: Wadajir | E51: Male | F51: Closed | G51: High | H51: =IF(B51="","",YEAR(B51)) -> 2026 | I51: =IF(B51="","",MONTH(B51)) -> 7 | J51: =IF(B51="","",TEXT(B51,"mmmm")) -> July | K51: =IF(COUNTBLANK(A51:G51)+COUNTIF(A51:G51,"Unknown")+COUNTIF(A51:G51,"-")>0,"Needs Review","OK") -> OK | L51: =IF(COUNTIF(A$2:A51,A51)>1,"Duplicate","Unique") -> Unique | M51: =IF(OR(K51="Needs Review",L51="Duplicate"),"Review","Ready") -> Ready | N51: =clean_data!D42 & " - " & clean_data!C42 -> Hodan - Assault
A52: CRM00257 | B52: 46149 | C52: Theft | D52: Wadajir | E52: Male | F52: Under Investigation | G52: Medium | H52: =IF(B52="","",YEAR(B52)) -> 2026 | I52: =IF(B52="","",MONTH(B52)) -> 5 | J52: =IF(B52="","",TEXT(B52,"mmmm")) -> May | K52: =IF(COUNTBLANK(A52:G52)+COUNTIF(A52:G52,"Unknown")+COUNTIF(A52:G52,"-")>0,"Needs Review","OK") -> OK | L52: =IF(COUNTIF(A$2:A52,A52)>1,"Duplicate","Unique") -> Unique | M52: =IF(OR(K52="Needs Review",L52="Duplicate"),"Review","Ready") -> Ready | N52: =clean_data!D255 & " - " & clean_data!C255 -> Karan - Theft
A53: CRM00256 | B53: =IF(B2="Unknown",MEDIAN($B$2:$B$292),B2) -> 46215 | C53: Theft | D53: Waberi | E53: Male | F53: Open | G53: Medium | H53: =IF(B53="","",YEAR(B53)) -> 2026 | I53: =IF(B53="","",MONTH(B53)) -> 7 | J53: =IF(B53="","",TEXT(B53,"mmmm")) -> July | K53: =IF(COUNTBLANK(A53:G53)+COUNTIF(A53:G53,"Unknown")+COUNTIF(A53:G53,"-")>0,"Needs Review","OK") -> OK | L53: =IF(COUNTIF(A$2:A53,A53)>1,"Duplicate","Unique") -> Unique | M53: =IF(OR(K53="Needs Review",L53="Duplicate"),"Review","Ready") -> Ready | N53: =clean_data!D124 & " - " & clean_data!C124 -> Daynile - Fraud
A54: CRM00255 | B54: 46056 | C54: Fraud | D54: Wadajir | E54: Male | F54: Open | G54: Medium | H54: =IF(B54="","",YEAR(B54)) -> 2026 | I54: =IF(B54="","",MONTH(B54)) -> 2 | J54: =IF(B54="","",TEXT(B54,"mmmm")) -> February | K54: =IF(COUNTBLANK(A54:G54)+COUNTIF(A54:G54,"Unknown")+COUNTIF(A54:G54,"-")>0,"Needs Review","OK") -> OK | L54: =IF(COUNTIF(A$2:A54,A54)>1,"Duplicate","Unique") -> Unique | M54: =IF(OR(K54="Needs Review",L54="Duplicate"),"Review","Ready") -> Ready | N54: =clean_data!D224 & " - " & clean_data!C224 -> Yaqshid - Traffic Offense
A55: CRM00254 | B55: =IF(B2="Unknown",MEDIAN($B$2:$B$292),B2) -> 46215 | C55: {=IF(C33="Unknown",INDEX(C$2:C$292,MODE(MATCH(C$2:C$292,C$2:C$292,0))),C33)} -> Theft | D55: Karan | E55: Male | F55: Open | G55: High | H55: =IF(B55="","",YEAR(B55)) -> 2026 | I55: =IF(B55="","",MONTH(B55)) -> 7 | J55: =IF(B55="","",TEXT(B55,"mmmm")) -> July | K55: =IF(COUNTBLANK(A55:G55)+COUNTIF(A55:G55,"Unknown")+COUNTIF(A55:G55,"-")>0,"Needs Review","OK") -> OK | L55: =IF(COUNTIF(A$2:A55,A55)>1,"Duplicate","Unique") -> Unique | M55: =IF(OR(K55="Needs Review",L55="Duplicate"),"Review","Ready") -> Ready | N55: =clean_data!D40 & " - " & clean_data!C40 -> Wadajir - Robbery
A56: CRM00253 | B56: 46035 | C56: Fraud | D56: Hodan | E56: Female | F56: Closed | G56: Medium | H56: =IF(B56="","",YEAR(B56)) -> 2026 | I56: =IF(B56="","",MONTH(B56)) -> 1 | J56: =IF(B56="","",TEXT(B56,"mmmm")) -> January | K56: =IF(COUNTBLANK(A56:G56)+COUNTIF(A56:G56,"Unknown")+COUNTIF(A56:G56,"-")>0,"Needs Review","OK") -> OK | L56: =IF(COUNTIF(A$2:A56,A56)>1,"Duplicate","Unique") -> Unique | M56: =IF(OR(K56="Needs Review",L56="Duplicate"),"Review","Ready") -> Ready | N56: =clean_data!D212 & " - " & clean_data!C212 -> Wadajir - Robbery
A57: CRM00252 | B57: 46136 | C57: Assault | D57: Hodan | E57: Unknown | F57: Closed | G57: High | H57: =IF(B57="","",YEAR(B57)) -> 2026 | I57: =IF(B57="","",MONTH(B57)) -> 4 | J57: =IF(B57="","",TEXT(B57,"mmmm")) -> April | K57: =IF(COUNTBLANK(A57:G57)+COUNTIF(A57:G57,"Unknown")+COUNTIF(A57:G57,"-")>0,"Needs Review","OK") -> Needs Review | L57: =IF(COUNTIF(A$2:A57,A57)>1,"Duplicate","Unique") -> Unique | M57: =IF(OR(K57="Needs Review",L57="Duplicate"),"Review","Ready") -> Review | N57: =clean_data!D30 & " - " & clean_data!C30 -> Karan - Burglary
A58: CRM00251 | B58: 46068 | C58: Robbery | D58: Hodan | E58: Female | F58: Closed | G58: High | H58: =IF(B58="","",YEAR(B58)) -> 2026 | I58: =IF(B58="","",MONTH(B58)) -> 2 | J58: =IF(B58="","",TEXT(B58,"mmmm")) -> February | K58: =IF(COUNTBLANK(A58:G58)+COUNTIF(A58:G58,"Unknown")+COUNTIF(A58:G58,"-")>0,"Needs Review","OK") -> OK | L58: =IF(COUNTIF(A$2:A58,A58)>1,"Duplicate","Unique") -> Unique | M58: =IF(OR(K58="Needs Review",L58="Duplicate"),"Review","Ready") -> Ready | N58: =clean_data!D22 & " - " & clean_data!C22 -> Daynile - Robbery
A59: CRM00250 | B59: 45679 | C59: Traffic Offense | D59: Hodan | E59: Female | F59: Closed | G59: Low | H59: =IF(B59="","",YEAR(B59)) -> 2025 | I59: =IF(B59="","",MONTH(B59)) -> 1 | J59: =IF(B59="","",TEXT(B59,"mmmm")) -> January | K59: =IF(COUNTBLANK(A59:G59)+COUNTIF(A59:G59,"Unknown")+COUNTIF(A59:G59,"-")>0,"Needs Review","OK") -> OK | L59: =IF(COUNTIF(A$2:A59,A59)>1,"Duplicate","Unique") -> Unique | M59: =IF(OR(K59="Needs Review",L59="Duplicate"),"Review","Ready") -> Ready | N59: =clean_data!D95 & " - " & clean_data!C95 -> Daynile - Assault
A60: CRM00249 | B60: 46050 | C60: Assault | D60: Daynile | E60: Male | F60: Under Investigation | G60: High | H60: =IF(B60="","",YEAR(B60)) -> 2026 | I60: =IF(B60="","",MONTH(B60)) -> 1 | J60: =IF(B60="","",TEXT(B60,"mmmm")) -> January | K60: =IF(COUNTBLANK(A60:G60)+COUNTIF(A60:G60,"Unknown")+COUNTIF(A60:G60,"-")>0,"Needs Review","OK") -> OK | L60: =IF(COUNTIF(A$2:A60,A60)>1,"Duplicate","Unique") -> Unique | M60: =IF(OR(K60="Needs Review",L60="Duplicate"),"Review","Ready") -> Ready | N60: =clean_data!D222 & " - " & clean_data!C222 -> Hodan - Theft
A61: CRM00248 | B61: 45860 | C61: Burglary | D61: Wadajir | E61: Female | F61: Under Investigation | G61: Medium | H61: =IF(B61="","",YEAR(B61)) -> 2025 | I61: =IF(B61="","",MONTH(B61)) -> 7 | J61: =IF(B61="","",TEXT(B61,"mmmm")) -> July | K61: =IF(COUNTBLANK(A61:G61)+COUNTIF(A61:G61,"Unknown")+COUNTIF(A61:G61,"-")>0,"Needs Review","OK") -> OK | L61: =IF(COUNTIF(A$2:A61,A61)>1,"Duplicate","Unique") -> Unique | M61: =IF(OR(K61="Needs Review",L61="Duplicate"),"Review","Ready") -> Ready | N61: =clean_data!D240 & " - " & clean_data!C240 -> Waberi - Traffic Offense
A62: CRM00247 | B62: 45764 | C62: Robbery | D62: Yaqshid | E62: Male | F62: Closed | G62: High | H62: =IF(B62="","",YEAR(B62)) -> 2025 | I62: =IF(B62="","",MONTH(B62)) -> 4 | J62: =IF(B62="","",TEXT(B62,"mmmm")) -> April | K62: =IF(COUNTBLANK(A62:G62)+COUNTIF(A62:G62,"Unknown")+COUNTIF(A62:G62,"-")>0,"Needs Review","OK") -> OK | L62: =IF(COUNTIF(A$2:A62,A62)>1,"Duplicate","Unique") -> Unique | M62: =IF(OR(K62="Needs Review",L62="Duplicate"),"Review","Ready") -> Ready | N62: =clean_data!D108 & " - " & clean_data!C108 -> Wadajir - Burglary
A63: CRM00246 | B63: 45772 | C63: Theft | D63: Wadajir | E63: Male | F63: Closed | G63: Medium | H63: =IF(B63="","",YEAR(B63)) -> 2025 | I63: =IF(B63="","",MONTH(B63)) -> 4 | J63: =IF(B63="","",TEXT(B63,"mmmm")) -> April | K63: =IF(COUNTBLANK(A63:G63)+COUNTIF(A63:G63,"Unknown")+COUNTIF(A63:G63,"-")>0,"Needs Review","OK") -> OK | L63: =IF(COUNTIF(A$2:A63,A63)>1,"Duplicate","Unique") -> Unique | M63: =IF(OR(K63="Needs Review",L63="Duplicate"),"Review","Ready") -> Ready | N63: =clean_data!D185 & " - " & clean_data!C185 -> Hodan - Fraud
A64: CRM00245 | B64: 46178 | C64: Theft | D64: Daynile | E64: Male | F64: Open | G64: Medium | H64: =IF(B64="","",YEAR(B64)) -> 2026 | I64: =IF(B64="","",MONTH(B64)) -> 6 | J64: =IF(B64="","",TEXT(B64,"mmmm")) -> June | K64: =IF(COUNTBLANK(A64:G64)+COUNTIF(A64:G64,"Unknown")+COUNTIF(A64:G64,"-")>0,"Needs Review","OK") -> OK | L64: =IF(COUNTIF(A$2:A64,A64)>1,"Duplicate","Unique") -> Unique | M64: =IF(OR(K64="Needs Review",L64="Duplicate"),"Review","Ready") -> Ready | N64: =clean_data!D15 & " - " & clean_data!C15 -> Karan - Fraud
A65: CRM00244 | B65: 46080 | C65: Assault | D65: Hodan | E65: Female | F65: Under Investigation | G65: High | H65: =IF(B65="","",YEAR(B65)) -> 2026 | I65: =IF(B65="","",MONTH(B65)) -> 2 | J65: =IF(B65="","",TEXT(B65,"mmmm")) -> February | K65: =IF(COUNTBLANK(A65:G65)+COUNTIF(A65:G65,"Unknown")+COUNTIF(A65:G65,"-")>0,"Needs Review","OK") -> OK | L65: =IF(COUNTIF(A$2:A65,A65)>1,"Duplicate","Unique") -> Unique | M65: =IF(OR(K65="Needs Review",L65="Duplicate"),"Review","Ready") -> Ready | N65: =clean_data!D6 & " - " & clean_data!C6 -> Daynile - Assault
A66: CRM00243 | B66: 45719 | C66: Traffic Offense | D66: Hodan | E66: Female | F66: Under Investigation | G66: =IF(G51="Unknown","High",G51) -> High | H66: =IF(B66="","",YEAR(B66)) -> 2025 | I66: =IF(B66="","",MONTH(B66)) -> 3 | J66: =IF(B66="","",TEXT(B66,"mmmm")) -> March | K66: =IF(COUNTBLANK(A66:G66)+COUNTIF(A66:G66,"Unknown")+COUNTIF(A66:G66,"-")>0,"Needs Review","OK") -> OK | L66: =IF(COUNTIF(A$2:A66,A66)>1,"Duplicate","Unique") -> Unique | M66: =IF(OR(K66="Needs Review",L66="Duplicate"),"Review","Ready") -> Ready | N66: =clean_data!D98 & " - " & clean_data!C98 -> Wadajir - Theft
A67: CRM00242 | B67: 46144 | C67: Robbery | D67: Karan | E67: Female | F67: Closed | G67: High | H67: =IF(B67="","",YEAR(B67)) -> 2026 | I67: =IF(B67="","",MONTH(B67)) -> 5 | J67: =IF(B67="","",TEXT(B67,"mmmm")) -> May | K67: =IF(COUNTBLANK(A67:G67)+COUNTIF(A67:G67,"Unknown")+COUNTIF(A67:G67,"-")>0,"Needs Review","OK") -> OK | L67: =IF(COUNTIF(A$2:A67,A67)>1,"Duplicate","Unique") -> Unique | M67: =IF(OR(K67="Needs Review",L67="Duplicate"),"Review","Ready") -> Ready | N67: =clean_data!D110 & " - " & clean_data!C110 -> Daynile - Fraud
A68: CRM00241 | B68: 46092 | C68: Theft | D68: Wadajir | E68: Female | F68: Closed | G68: Medium | H68: =IF(B68="","",YEAR(B68)) -> 2026 | I68: =IF(B68="","",MONTH(B68)) -> 3 | J68: =IF(B68="","",TEXT(B68,"mmmm")) -> March | K68: =IF(COUNTBLANK(A68:G68)+COUNTIF(A68:G68,"Unknown")+COUNTIF(A68:G68,"-")>0,"Needs Review","OK") -> OK | L68: =IF(COUNTIF(A$2:A68,A68)>1,"Duplicate","Unique") -> Unique | M68: =IF(OR(K68="Needs Review",L68="Duplicate"),"Review","Ready") -> Ready | N68: =clean_data!D72 & " - " & clean_data!C72 -> Hodan - Assault
A69: CRM00240 | B69: 45761 | C69: Traffic Offense | D69: Waberi | E69: Male | F69: Open | G69: Low | H69: =IF(B69="","",YEAR(B69)) -> 2025 | I69: =IF(B69="","",MONTH(B69)) -> 4 | J69: =IF(B69="","",TEXT(B69,"mmmm")) -> April | K69: =IF(COUNTBLANK(A69:G69)+COUNTIF(A69:G69,"Unknown")+COUNTIF(A69:G69,"-")>0,"Needs Review","OK") -> OK | L69: =IF(COUNTIF(A$2:A69,A69)>1,"Duplicate","Unique") -> Unique | M69: =IF(OR(K69="Needs Review",L69="Duplicate"),"Review","Ready") -> Ready | N69: =clean_data!D37 & " - " & clean_data!C37 -> Hodan - Assault
A70: CRM00239 | B70: 45944 | C70: Assault | D70: Wadajir | E70: Male | F70: Closed | G70: =IF(G55="Unknown","High",G55) -> High | H70: =IF(B70="","",YEAR(B70)) -> 2025 | I70: =IF(B70="","",MONTH(B70)) -> 10 | J70: =IF(B70="","",TEXT(B70,"mmmm")) -> October | K70: =IF(COUNTBLANK(A70:G70)+COUNTIF(A70:G70,"Unknown")+COUNTIF(A70:G70,"-")>0,"Needs Review","OK") -> OK | L70: =IF(COUNTIF(A$2:A70,A70)>1,"Duplicate","Unique") -> Unique | M70: =IF(OR(K70="Needs Review",L70="Duplicate"),"Review","Ready") -> Ready | N70: =clean_data!D172 & " - " & clean_data!C172 -> Karan - Burglary
A71: CRM00238 | B71: 45743 | C71: {=IF(C2="Unknown",INDEX(C$2:C$292,MODE(MATCH(C$2:C$292,C$2:C$292,0))),C2)} -> Assault | D71: Yaqshid | E71: Male | F71: Closed | G71: High | H71: =IF(B71="","",YEAR(B71)) -> 2025 | I71: =IF(B71="","",MONTH(B71)) -> 3 | J71: =IF(B71="","",TEXT(B71,"mmmm")) -> March | K71: =IF(COUNTBLANK(A71:G71)+COUNTIF(A71:G71,"Unknown")+COUNTIF(A71:G71,"-")>0,"Needs Review","OK") -> OK | L71: =IF(COUNTIF(A$2:A71,A71)>1,"Duplicate","Unique") -> Unique | M71: =IF(OR(K71="Needs Review",L71="Duplicate"),"Review","Ready") -> Ready | N71: =clean_data!D132 & " - " & clean_data!C132 -> Hodan - Assault
A72: CRM00237 | B72: 46055 | C72: Assault | D72: Hodan | E72: Male | F72: Closed | G72: High | H72: =IF(B72="","",YEAR(B72)) -> 2026 | I72: =IF(B72="","",MONTH(B72)) -> 2 | J72: =IF(B72="","",TEXT(B72,"mmmm")) -> February | K72: =IF(COUNTBLANK(A72:G72)+COUNTIF(A72:G72,"Unknown")+COUNTIF(A72:G72,"-")>0,"Needs Review","OK") -> OK | L72: =IF(COUNTIF(A$2:A72,A72)>1,"Duplicate","Unique") -> Unique | M72: =IF(OR(K72="Needs Review",L72="Duplicate"),"Review","Ready") -> Ready | N72: =clean_data!D248 & " - " & clean_data!C248 -> Hodan - Assault
A73: CRM00236 | B73: 45731 | C73: Fraud | D73: Hodan | E73: Male | F73: Closed | G73: MEDIUM | H73: =IF(B73="","",YEAR(B73)) -> 2025 | I73: =IF(B73="","",MONTH(B73)) -> 3 | J73: =IF(B73="","",TEXT(B73,"mmmm")) -> March | K73: =IF(COUNTBLANK(A73:G73)+COUNTIF(A73:G73,"Unknown")+COUNTIF(A73:G73,"-")>0,"Needs Review","OK") -> OK | L73: =IF(COUNTIF(A$2:A73,A73)>1,"Duplicate","Unique") -> Unique | M73: =IF(OR(K73="Needs Review",L73="Duplicate"),"Review","Ready") -> Ready | N73: =clean_data!D102 & " - " & clean_data!C102 -> Daynile - Fraud
A74: CRM00235 | B74: 45712 | C74: Theft | D74: =IF(D58="Unknown","Hodan",D58) -> Hodan | E74: Male | F74: Referred | G74: Medium | H74: =IF(B74="","",YEAR(B74)) -> 2025 | I74: =IF(B74="","",MONTH(B74)) -> 2 | J74: =IF(B74="","",TEXT(B74,"mmmm")) -> February | K74: =IF(COUNTBLANK(A74:G74)+COUNTIF(A74:G74,"Unknown")+COUNTIF(A74:G74,"-")>0,"Needs Review","OK") -> OK | L74: =IF(COUNTIF(A$2:A74,A74)>1,"Duplicate","Unique") -> Unique | M74: =IF(OR(K74="Needs Review",L74="Duplicate"),"Review","Ready") -> Ready | N74: =clean_data!D20 & " - " & clean_data!C20 -> Wadajir - Fraud
A75: CRM00234 | B75: =IF(B2="Unknown",MEDIAN($B$2:$B$292),B2) -> 46215 | C75: Traffic Offense | D75: Daynile | E75: Unknown | F75: Closed | G75: Low | H75: =IF(B75="","",YEAR(B75)) -> 2026 | I75: =IF(B75="","",MONTH(B75)) -> 7 | J75: =IF(B75="","",TEXT(B75,"mmmm")) -> July | K75: =IF(COUNTBLANK(A75:G75)+COUNTIF(A75:G75,"Unknown")+COUNTIF(A75:G75,"-")>0,"Needs Review","OK") -> Needs Review | L75: =IF(COUNTIF(A$2:A75,A75)>1,"Duplicate","Unique") -> Unique | M75: =IF(OR(K75="Needs Review",L75="Duplicate"),"Review","Ready") -> Review | N75: =clean_data!D31 & " - " & clean_data!C31 -> Daynile - Robbery
A76: CRM00233 | B76: 45900 | C76: Assault | D76: Daynile | E76: Male | F76: Closed | G76: High | H76: =IF(B76="","",YEAR(B76)) -> 2025 | I76: =IF(B76="","",MONTH(B76)) -> 8 | J76: =IF(B76="","",TEXT(B76,"mmmm")) -> August | K76: =IF(COUNTBLANK(A76:G76)+COUNTIF(A76:G76,"Unknown")+COUNTIF(A76:G76,"-")>0,"Needs Review","OK") -> OK | L76: =IF(COUNTIF(A$2:A76,A76)>1,"Duplicate","Unique") -> Unique | M76: =IF(OR(K76="Needs Review",L76="Duplicate"),"Review","Ready") -> Ready | N76: =clean_data!D126 & " - " & clean_data!C126 -> Daynile - Robbery
A77: CRM00232 | B77: 46074 | C77: Fraud | D77: Wadajir | E77: Male | F77: Closed | G77: Medium | H77: =IF(B77="","",YEAR(B77)) -> 2026 | I77: =IF(B77="","",MONTH(B77)) -> 2 | J77: =IF(B77="","",TEXT(B77,"mmmm")) -> February | K77: =IF(COUNTBLANK(A77:G77)+COUNTIF(A77:G77,"Unknown")+COUNTIF(A77:G77,"-")>0,"Needs Review","OK") -> OK | L77: =IF(COUNTIF(A$2:A77,A77)>1,"Duplicate","Unique") -> Unique | M77: =IF(OR(K77="Needs Review",L77="Duplicate"),"Review","Ready") -> Ready | N77: =clean_data!D217 & " - " & clean_data!C217 -> Daynile - Theft
A78: CRM00231 | B78: 45834 | C78: Theft | D78: Waberi | E78: Unknown | F78: {=IF(F60="Unknown",INDEX(F$2:F$292,MODE(MATCH(F$2:F$292,F$2:F$292,0))),F60)} -> Under Investigation | G78: Medium | H78: =IF(B78="","",YEAR(B78)) -> 2025 | I78: =IF(B78="","",MONTH(B78)) -> 6 | J78: =IF(B78="","",TEXT(B78,"mmmm")) -> June | K78: =IF(COUNTBLANK(A78:G78)+COUNTIF(A78:G78,"Unknown")+COUNTIF(A78:G78,"-")>0,"Needs Review","OK") -> Needs Review | L78: =IF(COUNTIF(A$2:A78,A78)>1,"Duplicate","Unique") -> Unique | M78: =IF(OR(K78="Needs Review",L78="Duplicate"),"Review","Ready") -> Review | N78: =clean_data!D69 & " - " & clean_data!C69 -> Waberi - Traffic Offense
A79: CRM00230 | B79: 45882 | C79: Assault | D79: Waberi | E79: Female | F79: Under Investigation | G79: High | H79: =IF(B79="","",YEAR(B79)) -> 2025 | I79: =IF(B79="","",MONTH(B79)) -> 8 | J79: =IF(B79="","",TEXT(B79,"mmmm")) -> August | K79: =IF(COUNTBLANK(A79:G79)+COUNTIF(A79:G79,"Unknown")+COUNTIF(A79:G79,"-")>0,"Needs Review","OK") -> OK | L79: =IF(COUNTIF(A$2:A79,A79)>1,"Duplicate","Unique") -> Unique | M79: =IF(OR(K79="Needs Review",L79="Duplicate"),"Review","Ready") -> Ready | N79: =clean_data!D278 & " - " & clean_data!C278 -> Waberi - Robbery
A80: CRM00229 | B80: 46167 | C80: Fraud | D80: Wadajir | E80: Female | F80: Open | G80: Medium | H80: =IF(B80="","",YEAR(B80)) -> 2026 | I80: =IF(B80="","",MONTH(B80)) -> 5 | J80: =IF(B80="","",TEXT(B80,"mmmm")) -> May | K80: =IF(COUNTBLANK(A80:G80)+COUNTIF(A80:G80,"Unknown")+COUNTIF(A80:G80,"-")>0,"Needs Review","OK") -> OK | L80: =IF(COUNTIF(A$2:A80,A80)>1,"Duplicate","Unique") -> Unique | M80: =IF(OR(K80="Needs Review",L80="Duplicate"),"Review","Ready") -> Ready | N80: =clean_data!D176 & " - " & clean_data!C176 -> Daynile - Fraud
A81: CRM00228 | B81: 46108 | C81: Fraud | D81: Waberi | E81: Unknown | F81: Under Investigation | G81: Medium | H81: =IF(B81="","",YEAR(B81)) -> 2026 | I81: =IF(B81="","",MONTH(B81)) -> 3 | J81: =IF(B81="","",TEXT(B81,"mmmm")) -> March | K81: =IF(COUNTBLANK(A81:G81)+COUNTIF(A81:G81,"Unknown")+COUNTIF(A81:G81,"-")>0,"Needs Review","OK") -> Needs Review | L81: =IF(COUNTIF(A$2:A81,A81)>1,"Duplicate","Unique") -> Unique | M81: =IF(OR(K81="Needs Review",L81="Duplicate"),"Review","Ready") -> Review | N81: =clean_data!D91 & " - " & clean_data!C91 -> Hodan - Theft
A82: CRM00227 | B82: 45964 | C82: Traffic Offense | D82: Wadajir | E82: Male | F82: Closed | G82: Low | H82: =IF(B82="","",YEAR(B82)) -> 2025 | I82: =IF(B82="","",MONTH(B82)) -> 11 | J82: =IF(B82="","",TEXT(B82,"mmmm")) -> November | K82: =IF(COUNTBLANK(A82:G82)+COUNTIF(A82:G82,"Unknown")+COUNTIF(A82:G82,"-")>0,"Needs Review","OK") -> OK | L82: =IF(COUNTIF(A$2:A82,A82)>1,"Duplicate","Unique") -> Unique | M82: =IF(OR(K82="Needs Review",L82="Duplicate"),"Review","Ready") -> Ready | N82: =clean_data!D44 & " - " & clean_data!C44 -> Wadajir - Fraud
A83: CRM00226 | B83: 45736 | C83: Assault | D83: Daynile | E83: Male | F83: Closed | G83: High | H83: =IF(B83="","",YEAR(B83)) -> 2025 | I83: =IF(B83="","",MONTH(B83)) -> 3 | J83: =IF(B83="","",TEXT(B83,"mmmm")) -> March | K83: =IF(COUNTBLANK(A83:G83)+COUNTIF(A83:G83,"Unknown")+COUNTIF(A83:G83,"-")>0,"Needs Review","OK") -> OK | L83: =IF(COUNTIF(A$2:A83,A83)>1,"Duplicate","Unique") -> Unique | M83: =IF(OR(K83="Needs Review",L83="Duplicate"),"Review","Ready") -> Ready | N83: =clean_data!D235 & " - " & clean_data!C235 -> Wadajir - Theft
A84: CRM00225 | B84: 46225 | C84: Fraud | D84: =IF(D68="Unknown","Hodan",D68) -> Wadajir | E84: Female | F84: Under Investigation | G84: Medium | H84: =IF(B84="","",YEAR(B84)) -> 2026 | I84: =IF(B84="","",MONTH(B84)) -> 7 | J84: =IF(B84="","",TEXT(B84,"mmmm")) -> July | K84: =IF(COUNTBLANK(A84:G84)+COUNTIF(A84:G84,"Unknown")+COUNTIF(A84:G84,"-")>0,"Needs Review","OK") -> OK | L84: =IF(COUNTIF(A$2:A84,A84)>1,"Duplicate","Unique") -> Unique | M84: =IF(OR(K84="Needs Review",L84="Duplicate"),"Review","Ready") -> Ready | N84: =clean_data!D269 & " - " & clean_data!C269 -> Hodan - Assault
A85: CRM00224 | B85: 46147 | C85: Theft | D85: Wadajir | E85: Female | F85: Open | G85: Medium | H85: =IF(B85="","",YEAR(B85)) -> 2026 | I85: =IF(B85="","",MONTH(B85)) -> 5 | J85: =IF(B85="","",TEXT(B85,"mmmm")) -> May | K85: =IF(COUNTBLANK(A85:G85)+COUNTIF(A85:G85,"Unknown")+COUNTIF(A85:G85,"-")>0,"Needs Review","OK") -> OK | L85: =IF(COUNTIF(A$2:A85,A85)>1,"Duplicate","Unique") -> Unique | M85: =IF(OR(K85="Needs Review",L85="Duplicate"),"Review","Ready") -> Ready | N85: =clean_data!D99 & " - " & clean_data!C99 -> Daynile - Fraud
A86: CRM00223 | B86: =IF(B2="Unknown",MEDIAN($B$2:$B$292),B2) -> 46215 | C86: Theft | D86: Hodan | E86: Male | F86: Closed | G86: Medium | H86: =IF(B86="","",YEAR(B86)) -> 2026 | I86: =IF(B86="","",MONTH(B86)) -> 7 | J86: =IF(B86="","",TEXT(B86,"mmmm")) -> July | K86: =IF(COUNTBLANK(A86:G86)+COUNTIF(A86:G86,"Unknown")+COUNTIF(A86:G86,"-")>0,"Needs Review","OK") -> OK | L86: =IF(COUNTIF(A$2:A86,A86)>1,"Duplicate","Unique") -> Unique | M86: =IF(OR(K86="Needs Review",L86="Duplicate"),"Review","Ready") -> Ready | N86: =clean_data!D54 & " - " & clean_data!C54 -> Wadajir - Fraud
A87: CRM00222 | B87: 45667 | C87: Theft | D87: Daynile | E87: Male | F87: Closed | G87: Medium | H87: =IF(B87="","",YEAR(B87)) -> 2025 | I87: =IF(B87="","",MONTH(B87)) -> 1 | J87: =IF(B87="","",TEXT(B87,"mmmm")) -> January | K87: =IF(COUNTBLANK(A87:G87)+COUNTIF(A87:G87,"Unknown")+COUNTIF(A87:G87,"-")>0,"Needs Review","OK") -> OK | L87: =IF(COUNTIF(A$2:A87,A87)>1,"Duplicate","Unique") -> Unique | M87: =IF(OR(K87="Needs Review",L87="Duplicate"),"Review","Ready") -> Ready | N87: =clean_data!D247 & " - " & clean_data!C247 -> Wadajir - Theft
A88: CRM00221 | B88: 46019 | C88: Fraud | D88: Yaqshid | E88: Unknown | F88: Under Investigation | G88: Medium | H88: =IF(B88="","",YEAR(B88)) -> 2025 | I88: =IF(B88="","",MONTH(B88)) -> 12 | J88: =IF(B88="","",TEXT(B88,"mmmm")) -> December | K88: =IF(COUNTBLANK(A88:G88)+COUNTIF(A88:G88,"Unknown")+COUNTIF(A88:G88,"-")>0,"Needs Review","OK") -> Needs Review | L88: =IF(COUNTIF(A$2:A88,A88)>1,"Duplicate","Unique") -> Unique | M88: =IF(OR(K88="Needs Review",L88="Duplicate"),"Review","Ready") -> Review | N88: =clean_data!D146 & " - " & clean_data!C146 -> Karan - Theft
A89: CRM00220 | B89: 46060 | C89: Assault | D89: Hodan | E89: Male | F89: Open | G89: High | H89: =IF(B89="","",YEAR(B89)) -> 2026 | I89: =IF(B89="","",MONTH(B89)) -> 2 | J89: =IF(B89="","",TEXT(B89,"mmmm")) -> February | K89: =IF(COUNTBLANK(A89:G89)+COUNTIF(A89:G89,"Unknown")+COUNTIF(A89:G89,"-")>0,"Needs Review","OK") -> OK | L89: =IF(COUNTIF(A$2:A89,A89)>1,"Duplicate","Unique") -> Unique | M89: =IF(OR(K89="Needs Review",L89="Duplicate"),"Review","Ready") -> Ready | N89: =clean_data!D198 & " - " & clean_data!C198 -> Yaqshid - Robbery
A90: CRM00219 | B90: 46073 | C90: Fraud | D90: Yaqshid | E90: Female | F90: Closed | G90: Medium | H90: =IF(B90="","",YEAR(B90)) -> 2026 | I90: =IF(B90="","",MONTH(B90)) -> 2 | J90: =IF(B90="","",TEXT(B90,"mmmm")) -> February | K90: =IF(COUNTBLANK(A90:G90)+COUNTIF(A90:G90,"Unknown")+COUNTIF(A90:G90,"-")>0,"Needs Review","OK") -> OK | L90: =IF(COUNTIF(A$2:A90,A90)>1,"Duplicate","Unique") -> Unique | M90: =IF(OR(K90="Needs Review",L90="Duplicate"),"Review","Ready") -> Ready | N90: =clean_data!D209 & " - " & clean_data!C209 -> Hodan - Assault
A91: CRM00218 | B91: 45902 | C91: Theft | D91: Hodan | E91: Male | F91: Closed | G91: Medium | H91: =IF(B91="","",YEAR(B91)) -> 2025 | I91: =IF(B91="","",MONTH(B91)) -> 9 | J91: =IF(B91="","",TEXT(B91,"mmmm")) -> September | K91: =IF(COUNTBLANK(A91:G91)+COUNTIF(A91:G91,"Unknown")+COUNTIF(A91:G91,"-")>0,"Needs Review","OK") -> OK | L91: =IF(COUNTIF(A$2:A91,A91)>1,"Duplicate","Unique") -> Unique | M91: =IF(OR(K91="Needs Review",L91="Duplicate"),"Review","Ready") -> Ready | N91: =clean_data!D265 & " - " & clean_data!C265 -> Yaqshid - Fraud
A92: CRM00217 | B92: 45697 | C92: Assault | D92: Hodan | E92: Male | F92: Closed | G92: High | H92: =IF(B92="","",YEAR(B92)) -> 2025 | I92: =IF(B92="","",MONTH(B92)) -> 2 | J92: =IF(B92="","",TEXT(B92,"mmmm")) -> February | K92: =IF(COUNTBLANK(A92:G92)+COUNTIF(A92:G92,"Unknown")+COUNTIF(A92:G92,"-")>0,"Needs Review","OK") -> OK | L92: =IF(COUNTIF(A$2:A92,A92)>1,"Duplicate","Unique") -> Unique | M92: =IF(OR(K92="Needs Review",L92="Duplicate"),"Review","Ready") -> Ready | N92: =clean_data!D266 & " - " & clean_data!C266 -> Yaqshid - Fraud
A93: CRM00216 | B93: 46167 | C93: {=IF(C71="Unknown",INDEX(C$2:C$292,MODE(MATCH(C$2:C$292,C$2:C$292,0))),C71)} -> Assault | D93: Karan | E93: Male | F93: Closed | G93: High | H93: =IF(B93="","",YEAR(B93)) -> 2026 | I93: =IF(B93="","",MONTH(B93)) -> 5 | J93: =IF(B93="","",TEXT(B93,"mmmm")) -> May | K93: =IF(COUNTBLANK(A93:G93)+COUNTIF(A93:G93,"Unknown")+COUNTIF(A93:G93,"-")>0,"Needs Review","OK") -> OK | L93: =IF(COUNTIF(A$2:A93,A93)>1,"Duplicate","Unique") -> Unique | M93: =IF(OR(K93="Needs Review",L93="Duplicate"),"Review","Ready") -> Ready | N93: =clean_data!D25 & " - " & clean_data!C25 -> Yaqshid - Robbery
A94: CRM00215 | B94: 45853 | C94: Fraud | D94: Daynile | E94: Female | F94: Under Investigation | G94: Medium | H94: =IF(B94="","",YEAR(B94)) -> 2025 | I94: =IF(B94="","",MONTH(B94)) -> 7 | J94: =IF(B94="","",TEXT(B94,"mmmm")) -> July | K94: =IF(COUNTBLANK(A94:G94)+COUNTIF(A94:G94,"Unknown")+COUNTIF(A94:G94,"-")>0,"Needs Review","OK") -> OK | L94: =IF(COUNTIF(A$2:A94,A94)>1,"Duplicate","Unique") -> Unique | M94: =IF(OR(K94="Needs Review",L94="Duplicate"),"Review","Ready") -> Ready | N94: =clean_data!D35 & " - " & clean_data!C35 -> Hodan - Theft
A95: CRM00214 | B95: 45869 | C95: Assault | D95: Daynile | E95: Male | F95: Open | G95: High | H95: =IF(B95="","",YEAR(B95)) -> 2025 | I95: =IF(B95="","",MONTH(B95)) -> 7 | J95: =IF(B95="","",TEXT(B95,"mmmm")) -> July | K95: =IF(COUNTBLANK(A95:G95)+COUNTIF(A95:G95,"Unknown")+COUNTIF(A95:G95,"-")>0,"Needs Review","OK") -> OK | L95: =IF(COUNTIF(A$2:A95,A95)>1,"Duplicate","Unique") -> Unique | M95: =IF(OR(K95="Needs Review",L95="Duplicate"),"Review","Ready") -> Ready | N95: =clean_data!D105 & " - " & clean_data!C105 -> Waberi - Theft
A96: CRM00213 | B96: =IF(B2="Unknown",MEDIAN($B$2:$B$292),B2) -> 46215 | C96: Assault | D96: Wadajir | E96: Male | F96: Open | G96: High | H96: =IF(B96="","",YEAR(B96)) -> 2026 | I96: =IF(B96="","",MONTH(B96)) -> 7 | J96: =IF(B96="","",TEXT(B96,"mmmm")) -> July | K96: =IF(COUNTBLANK(A96:G96)+COUNTIF(A96:G96,"Unknown")+COUNTIF(A96:G96,"-")>0,"Needs Review","OK") -> OK | L96: =IF(COUNTIF(A$2:A96,A96)>1,"Duplicate","Unique") -> Unique | M96: =IF(OR(K96="Needs Review",L96="Duplicate"),"Review","Ready") -> Ready | N96: =clean_data!D23 & " - " & clean_data!C23 -> Wadajir - Fraud
A97: CRM00212 | B97: 45923 | C97: Fraud | D97: Hodan | E97: Male | F97: Closed | G97: Medium | H97: =IF(B97="","",YEAR(B97)) -> 2025 | I97: =IF(B97="","",MONTH(B97)) -> 9 | J97: =IF(B97="","",TEXT(B97,"mmmm")) -> September | K97: =IF(COUNTBLANK(A97:G97)+COUNTIF(A97:G97,"Unknown")+COUNTIF(A97:G97,"-")>0,"Needs Review","OK") -> OK | L97: =IF(COUNTIF(A$2:A97,A97)>1,"Duplicate","Unique") -> Unique | M97: =IF(OR(K97="Needs Review",L97="Duplicate"),"Review","Ready") -> Ready | N97: =clean_data!D165 & " - " & clean_data!C165 -> Wadajir - Robbery
A98: CRM00211 | B98: 45975 | C98: Theft | D98: =IF(D82="Unknown","Hodan",D82) -> Wadajir | E98: Male | F98: closed | G98: Medium | H98: =IF(B98="","",YEAR(B98)) -> 2025 | I98: =IF(B98="","",MONTH(B98)) -> 11 | J98: =IF(B98="","",TEXT(B98,"mmmm")) -> November | K98: =IF(COUNTBLANK(A98:G98)+COUNTIF(A98:G98,"Unknown")+COUNTIF(A98:G98,"-")>0,"Needs Review","OK") -> OK | L98: =IF(COUNTIF(A$2:A98,A98)>1,"Duplicate","Unique") -> Unique | M98: =IF(OR(K98="Needs Review",L98="Duplicate"),"Review","Ready") -> Ready | N98: =clean_data!D77 & " - " & clean_data!C77 -> Wadajir - Fraud
A99: CRM00210 | B99: 45755 | C99: {=IF(C77="Unknown",INDEX(C$2:C$292,MODE(MATCH(C$2:C$292,C$2:C$292,0))),C77)} -> Fraud | D99: Daynile | E99: Female | F99: Closed | G99: High | H99: =IF(B99="","",YEAR(B99)) -> 2025 | I99: =IF(B99="","",MONTH(B99)) -> 4 | J99: =IF(B99="","",TEXT(B99,"mmmm")) -> April | K99: =IF(COUNTBLANK(A99:G99)+COUNTIF(A99:G99,"Unknown")+COUNTIF(A99:G99,"-")>0,"Needs Review","OK") -> OK | L99: =IF(COUNTIF(A$2:A99,A99)>1,"Duplicate","Unique") -> Unique | M99: =IF(OR(K99="Needs Review",L99="Duplicate"),"Review","Ready") -> Ready | N99: =clean_data!D17 & " - " & clean_data!C17 -> Wadajir - Robbery
A100: CRM00209 | B100: 45833 | C100: {=IF(C78="Unknown",INDEX(C$2:C$292,MODE(MATCH(C$2:C$292,C$2:C$292,0))),C78)} -> Theft | D100: Hodan | E100: Female | F100: Under Investigation | G100: High | H100: =IF(B100="","",YEAR(B100)) -> 2025 | I100: =IF(B100="","",MONTH(B100)) -> 6 | J100: =IF(B100="","",TEXT(B100,"mmmm")) -> June | K100: =IF(COUNTBLANK(A100:G100)+COUNTIF(A100:G100,"Unknown")+COUNTIF(A100:G100,"-")>0,"Needs Review","OK") -> OK | L100: =IF(COUNTIF(A$2:A100,A100)>1,"Duplicate","Unique") -> Unique | M100: =IF(OR(K100="Needs Review",L100="Duplicate"),"Review","Ready") -> Ready | N100: =clean_data!D262 & " - " & clean_data!C262 -> Wadajir - Robbery
...

Sheet Finding
A1: Key Findings
A5: Hodan has the highest number of reported crimes – 84 incidents.
A6: Theft is the most common crime type – 84 incidents.
A7: High-severity incidents represent a significant share of cases – 106 incidents.
A8: Closed cases make up a substantial portion of reported cases – 123 cases.
A9: Many cases remain active or under investigation – 144 cases.
A10: Some cases are referred to other authorities/departments – 25 cases.
A11: The raw dataset contained missing/unknown values – 142 across 8 variables.
A15: Strategic Recommendations
A17: 1. Increase police resources in Hodan and Wadajir.
A18: 2. Create a case-clearance team to focus on open and investigation cases.
A19: 3. Strengthen theft prevention through public awareness and surveillance.
... A21: 5. Improve coordination between police and other relevant authorities.

Sheet Dashboard
B6: TOTAL INCIDENTS | G6: CLOSED CAES | K6: HIGH SEVERITY INCIDENTS | O6: OPEN / UNDER INVESTIGATION
D7: =COUNTA(clean_data!A2:A293) -> 292 | H7: =COUNTIF(clean_data!F2:F293, "Closed") -> 123 | L7: =COUNTIF(clean_data!G2:G293, "High") -> 106 | P7: =COUNTIF(clean_data!F2:F293,"Open")+COUNTIF(clean_data!F2:F293,"Under Investigation") -> 144
B10: Crimes by District | O10: KISASKA NOCYADODA
A12: Row Labels | B12: Count of Crime_ID | N12: Row Labels | O12: Count of Case_Status
A13: Hodan | B13: 25 | N13: Closed | O13: 123
A14: Wadajir | B14: 10 | N14: Open | O14: 68
A15: Daynile | B15: 9 | N15: Referred | O15: 25
A16: Karan | B16: 6 | N16: Under Investigation | O16: 77
A17: Yaqshid | B17: 5 | N17: Grand Total | O17: 293
A18: Waberi | B18: 5
A19: Grand Total | B19: 60
B37: serevity level
O40: DANBIGA UGU BDAN EE DHACA
A43: Row Labels | B43: Count of Severity_Level | N43: Row Labels | O43: Count of Crime_Type
A44: High | B44: 107 | N44: Assault | O44: 60
A45: Low | B45: 30 | N45: Burglary | O45: 18
A46: Medium | B46: 156 | N46: Fraud | O46: 57
A47: Grand Total | B47: 293 | N47: Robbery | O47: 44
N48: Theft | O48: 85
N49: Traffic Offense | O49: 29
N50: Grand Total | O50: 293
B62: BILAHA IO DANBIYADA DHACAEYN | P62: Year with the Most Crimes
N65: Count of Crime_ID | O65: Column Labels
A66: Row Labels | B66: Count of Crime_month name | N66: Row Labels | O66: Assault | P66: Burglary | Q66: Fraud | R66: Robbery | S66: Theft | T66: Traffic Offense | U66: Grand Total
A67: January | B67: 27 | N67: 2025 | O67: 33 | P67: 15 | Q67: 33 | R67: 25 | S67: 46 | T67: 17 | U67: 169
A68: February | B68: 34 | N68: Grand Total | O68: 33 | P68: 15 | Q68: 33 | R68: 25 | S68: 46 | T68: 17 | U68: 169
A69: March | B69: 21
A70: April | B70: 28
A71: May | B71: 30
A72: July | B72: 56
A73: August | B73: 16
A74: September | B74: 17
A75: October | B75: 13
A76: November | B76: 13
A77: December | B77: 13
B78: 1
A79: Grand Total | B79: 269
B87: GENDERKA IO DHIMATADA NOCYADA KU DHACO | V87: Gender and Crime Type Analysis
A89: Count of Victim_Gender | B89: Column Labels | V89: District | W89: (All)
A90: Row Labels | B90: Assault | C90: Burglary | D90: Fraud | E90: Robbery | F90: Theft | G90: Traffic Offense | H90: Grand Total
A91: Female | B91: 17 | C91: 7 | D91: 21 | E91: 14 | F91: 22 | G91: 9 | H91: 90 | V91: Count of Crime_ID | W91: Column Labels
A92: Male | B92: 36 | C92: 9 | D92: 26 | E92: 24 | F92: 49 | G92: 16 | H92: 160 | V92: Row Labels | W92: Assault | X92: Grand Total
A93: Unknown | B93: 7 | C93: 2 | D93: 10 | E93: 6 | F93: 14 | G93: 4 | H93: 43 | V93: Female | W93: 17 | X93: 17
A94: Grand Total | B94: 60 | C94: 18 | D94: 57 | E94: 44 | F94: 85 | G94: 29 | H94: 293 | V94: Male | W94: 36 | X94: 36
V95: Unknown | W95: 7 | X95: 7
V96: Grand Total | W96: 60 | X96: 60
B116: Most Common Crime in the Most Affected District
A118: Count of Crime_ID | B118: Column Labels | R118: Row Labels | S118: Count of Crime_ID
A119: Row Labels | B119: Assault | C119: Burglary | D119: Fraud | E119: Robbery | F119: Theft | G119: Traffic Offense | H119: Grand Total | R119: Female | S119: 89
A120: Daynile | B120: 9 | D120: 9 | E120: 7 | F120: 8 | G120: 5 | H120: 38 | R120: Male | S120: 160
A121: Hodan | B121: 25 | C121: 4 | D121: 15 | E121: 9 | F121: 24 | G121: 7 | H121: 84 | R121: Unknown | S121: 43
A122: Karan | B122: 6 | C122: 3 | D122: 3 | E122: 6 | F122: 10 | G122: 4 | H122: 32 | R122: Grand Total | S122: 292
A123: Waberi | B123: 5 | C123: 2 | D123: 3 | E123: 7 | F123: 10 | G123: 5 | H123: 32
A124: Wadajir | B124: 10 | C124: 5 | D124: 12 | E124: 9 | F124: 21 | G124: 5 | H124: 62
A125: Yaqshid | B125: 5 | C125: 4 | D125: 15 | E125: 6 | F125: 12 | G125: 2 | H125: 44
A126: Grand Total | B126: 60 | C126: 18 | D126: 57 | E126: 44 | F126: 85 | G126: 28 | H126: 292

Sheet Sheet1
A1: Crime_ID | B1: Crime_Date | C1: Crime_Type | D1: District | E1: Victim_Gender | F1: Case_Status | G1: Severity_Level | L1: missing raws of each column
A2: CRM00054 | B2: 45849 | C2: Theft | D2: Karan | E2: Male | F2: Closed | L2: ID | M2: =COUNTBLANK(A2:A293)+COUNTIF(A2:A293,"Unknown")+COUNTIF(A2:A293,"N/A")+COUNTIF(A2:A293,"NULL") -> 15
A3: CRM00290 | B3: 45714 | C3: Burglary | E3: Male | F3: Closed | G3: Medium | L3: Crime_Date | M3: =COUNTBLANK(B2:B293)+COUNTIF(B2:B293,"Unknown")+COUNTIF(B2:B293,"N/A")+COUNTIF(B2:B293,"NULL") -> 17
A4: CRM00143 | B4: 46168 | C4: Theft | D4: Wadajir | E4: Female | G4: Medium | L4: Crime_Type | M4: =COUNTBLANK(C2:C293)+COUNTIF(C2:C293,"Unknown")+COUNTIF(C2:C293,"N/A")+COUNTIF(C2:C293,"NULL") -> 15
A5: CRM00198 | B5: 45705 | C5: Assault | D5: Wadajir | E5: Male | F5: Open | G5: High | L5: District | M5: =COUNTBLANK(D2:D293)+COUNTIF(D2:D293,"Unknown")+COUNTIF(D2:D293,"N/A")+COUNTIF(D2:D293,"NULL") -> 16
A6: CRM00244 | B6: 46080 | C6: Assault | D6: Hodan | E6: Female | F6: Under Investigation | G6: High | L6: Gender | M6: =COUNTBLANK(E2:E293)+COUNTIF(E2:E293,"Unknown")+COUNTIF(E2:E293,"N/A")+COUNTIF(E2:E293,"NULL") -> 45
A7: CRM00265 | B7: 45705 | C7: Fraud | D7: Wadajir | E7: Male | F7: Under Investigation | G7: Medium | L7: Case_Status | M7: =COUNTBLANK(F2:F293)+COUNTIF(F2:F293,"Unknown")+COUNTIF(F2:F293,"N/A")+COUNTIF(F2:F293,"NULL") -> 16
A8: CRM00138 | B8: 46098 | C8: Theft | D8: Yaqshid | E8: Female | F8: Under Investigation | G8: Medium | L8: Severity_Level | M8: =COUNTBLANK(G2:G293)+COUNTIF(G2:G293,"Unknown")+COUNTIF(G2:G293,"N/A")+COUNTIF(G2:G293,"NULL") -> 18
A9: CRM00028 | B9: 45702 | C9: Fraud | D9: Yaqshid | E9: Male | G9: Medium | L9: total missing raws | M9: =SUM(M2:M8) -> 142
A10: CRM00018 | B10: 45816 | C10: Robbery | D10: Yaqshid | E10: Male | F10: Under Investigation | G10: High
A11: CRM00096 | B11: 45755 | C11: Fraud | D11: Daynile | E11: Male | F11: Under Investigation | G11: Medium
A12: CRM00153 | B12: 46118 | C12: Theft | D12: Hodan | E12: Unknown | F12: Under Investigation | G12: Medium
B13: 46215 | C13: Assault | D13: Waberi | E13: Male | F13: Open | G13: High
A14: CRM00122 | B14: 46003 | C14: Theft | D14: Hodan | E14: Female | F14: Under Investigation | G14: Medium
A15: CRM00245 | B15: 46178 | C15: Theft | D15: Daynile | E15: Male | F15: Open | G15: Medium
A16: CRM00035 | B16: 45817 | C16: Traffic Offense | D16: Karan | E16: Male | F16: Under Investigation | G16: Low
A17: CRM00210 | B17: 45755 | D17: Daynile | E17: Female | F17: Closed | G17: High
A18: CRM00073 | B18: 45974 | C18: Traffic Offense | D18: Yaqshid | E18: Female | F18: Under Investigation | G18: Low
A19: CRM00262 | B19: 46042 | C19: Assault | D19: Wadajir | E19: Female | F19: Closed
A20: CRM00235 | B20: 45712 | C20: Theft | E20: Male | F20: Referred | G20: Medium | M20: =_xleta.SUM -> #VALUE!
A21: CRM00158 | B21: 45919 | C21: Assault | D21: Wadajir | E21: Male | F21: Under Investigation | G21: High
A22: CRM00251 | B22: 46068 | C22: Robbery | D22: Hodan | E22: Female | F22: Closed | G22: High
A23: CRM00213 | B23: - | C23: Assault | D23: Wadajir | E23: Male | F23: Open | G23: High
A24: CRM00026 | B24: 45782 | C24: Theft | D24: Hodan | E24: Male | G24: Medium
A25: CRM00216 | B25: 46167 | D25: Karan | E25: Male | F25: Closed | G25: High
A26: CRM00064 | B26: 45885 | D26: Karan | E26: Male | F26: Open | G26: Medium
A27: CRM00278 | B27: N/A | C27: Robbery | D27: Daynile | E27: Male | F27: Closed | G27: High
A28: CRM00021 | B28: 45971 | C28: Traffic Offense | D28: Daynile | E28: Male | F28: Closed | G28: Low
A29: CRM00045 | B29: 45922 | C29: Robbery | D29: Hodan | E29: Male | F29: Closed | G29: High
A30: CRM00252 | B30: 46136 | C30: Assault | D30: Hodan | E30: Unknown | F30: Closed | G30: High
A31: CRM00234 | C31: Traffic Offense | D31: Daynile | E31: Unknown | F31: Closed | G31: Low
A32: CRM00049 | B32: 46208 | C32: Burglary | D32: Yaqshid | E32: Unknown | F32: Under Investigation | G32: Medium
A33: CRM00178 | B33: 46182 | C33: Theft | D33: Daynile | E33: NULL | F33: Under Investigation | G33: Medium
A34: CRM00140 | B34: 45671 | C34: Robbery | D34: Wadajir | E34: Female | F34: Under Investigation | G34: High
A35: CRM00215 | B35: 45853 | C35: Fraud | D35: Daynile | E35: Female | F35: Under Investigation | G35: Medium
A36: CRM00286 | B36: 45680 | C36: Fraud | D36: Wadajir | F36: Closed | G36: Medium
A37: CRM00240 | B37: 45761 | C37: Traffic Offense | D37: Waberi | E37: Male | F37: Open | G37: Low
B38: 45822 | C38: Robbery | D38: Hodan | E38: Unknown | F38: Closed | G38: High
A39: CRM00161 | B39: 45957 | C39: Theft | D39: Karan | E39: Male | F39: Under Investigation
A40: CRM00254 | B40: N/A | D40: Karan | E40: Male | F40: Open | G40: High
A41: CRM00090 | B41: 45995 | C41: Assault | D41: Karan | E41: Male | G41: High
A42: CRM00258 | C42: Assault | D42: Wadajir | E42: Male | F42: Closed | G42: High
A43: CRM00097 | B43: 46216 | C43: Assault | D43: Waberi | E43: Female | F43: Under Investigation | G43: High
A44: CRM00227 | B44: 45964 | C44: Traffic Offense | D44: Wadajir | E44: Male | F44: Closed | G44: Low
A45: CRM00010 | B45: 45967 | C45: Assault | D45: Hodan | E45: Male | F45: Under Investigation | G45: High
B46: 46017 | C46: Robbery | D46: Daynile | E46: Male | F46: Open | G46: High
A47: CRM00039 | B47: 46222 | C47: Fraud | D47: Hodan | E47: Male | F47: Under Investigation | G47: Medium
A48: CRM00291 | B48: 46176 | C48: Theft | E48: Male | F48: Under Investigation | G48: Medium
A49: CRM00101 | B49: 45729 | C49: Assault | D49: Hodan | E49: Male | F49: Open | G49: High
A50: CRM00128 | C50: Traffic Offense | D50: Karan | E50: Male | F50: Closed | G50: Low
A51: CRM00157 | B51: 46156 | C51: Robbery | D51: Daynile | E51: Female | F51: Referred | G51: High
A52: CRM00087 | B52: 45909 | C52: Burglary | D52: Yaqshid | E52: Unknown | F52: Open | G52: Medium
A53: CRM00194 | B53: 45765 | C53: Theft | D53: Karan | E53: Female | F53: Under Investigation
A54: CRM00223 | C54: Theft | D54: Hodan | E54: Male | F54: Closed | G54: Medium
A55: CRM00163 | C55: Theft | D55: Wadajir | E55: Male | F55: Closed | G55: Medium
A56: CRM00004 | B56: 46210 | C56: Theft | D56: Karan | E56: Male | F56: Open | G56: Medium
A57: CRM00112 | B57: 45870 | C57: Theft | D57: Karan | F57: Open | G57: Medium
A58: CRM00042 | C58: Fraud | D58: Hodan | E58: Female | F58: Open | G58: Medium
A59: CRM00059 | B59: 45710 | C59: Theft | D59: Wadajir | E59: Unknown | F59: Open | G59: Medium
A60: CRM00168 | B60: 46172 | C60: Theft | D60: Hodan | E60: Male | F60: Open | G60: Medium
A61: CRM00093 | B61: 45807 | C61: Theft | D61: Waberi | E61: Male | F61: Closed | G61: Medium
A62: CRM00104 | B62: 45793 | C62: Robbery | E62: Male | F62: Under Investigation | G62: High
A63: CRM00046 | B63: 46016 | C63: Fraud | D63: Wadajir | F63: Open | G63: Medium
A64: CRM00280 | B64: 45844 | C64: Theft | D64: Wadajir | E64: Female | F64: Closed | G64: Medium
A65: CRM00173 | B65: 45826 | C65: Theft | D65: - | F65: Closed | G65: Medium
A66: CRM00106 | B66: 46130 | C66: Theft | D66: Waberi | F66: Open | G66: Medium
A67: CRM00276 | B67: 46037 | C67: Theft | D67: Hodan | E67: Male | F67: Under Investigation | G67: Medium
A68: CRM00002 | B68: 45932 | C68: Assault | D68: Wadajir | E68: Female | G68: High
A69: CRM00231 | B69: 45834 | C69: Theft | D69: Waberi | E69: Unknown | G69: Medium
A70: CRM00179 | B70: 45845 | C70: Traffic Offense | D70: Wadajir | E70: Male | F70: Closed | G70: Low
A71: CRM00025 | B71: 45774 | C71: Assault | D71: Hodan | E71: Male | F71: Closed | G71: High
A72: CRM00241 | B72: 46092 | C72: Theft | D72: Wadajir | E72: Female | F72: Closed | G72: Medium
B73: 45832 | C73: Assault | D73: Yaqshid | E73: Female | F73: Referred | G73: High
A74: CRM00001 | B74: 45848 | C74: Fraud | D74: Hodan | E74: Male | F74: Under Investigation | G74: Medium
A75: CRM00075 | B75: 46002 | D75: Hodan | E75: Female | F75: Open | G75: Medium
A76: CRM00282 | B76: 45825 | C76: Assault | D76: Hodan | E76: Male | F76: Open | G76: High
A77: CRM00211 | B77: 45975 | C77: Theft | E77: Male | F77: closed | G77: Medium
A78: CRM00177 | B78: 45950 | C78: Fraud | D78: Waberi | E78: Female | F78: Closed | G78: Medium
A79: CRM00175 | B79: 45770 | C79: Assault | E79: Male | F79: Referred | G79: High
A80: CRM00041 | B80: 46052 | C80: Theft | D80: Yaqshid | E80: Female | G80: Medium
A81: CRM00094 | B81: 46061 | C81: Theft | D81: Wadajir | E81: Male | F81: Closed | G81: Medium
A82: CRM00051 | B82: 45921 | C82: Assault | D82: Daynile | E82: Female | F82: Under Investigation | G82: High
A83: CRM00099 | B83: 46129 | C83: Theft | D83: Wadajir | E83: Male | F83: Referred | G83: Medium
A84: CRM00029 | B84: 45879 | C84: Fraud | D84: Yaqshid | E84: Male | F84: Referred | G84: Medium
A85: CRM00088 | B85: 45930 | C85: Robbery | D85: Wadajir | E85: Male | F85: Under Investigation | G85: High
A86: CRM00151 | B86: 46018 | C86: Robbery | D86: Waberi | E86: Female | F86: Closed | G86: High
A87: CRM00200 | B87: 45831 | C87: Traffic Offense | D87: Hodan | E87: Unknown | F87: Closed | G87: Low
A88: CRM00006 | B88: 45988 | C88: Theft | D88: Waberi | E88: Female | F88: Open | G88: Medium
A89: CRM00134 | B89: 45866 | C89: Assault | D89: Hodan | E89: Unknown | F89: Open
A90: CRM00130 | B90: 46199 | C90: Fraud | D90: Hodan | E90: Female | F90: Referred | G90: NULL
A91: CRM00228 | B91: 46108 | C91: Fraud | D91: Waberi | E91: Unknown | F91: Under Investigation | G91: Medium
A92: CRM00131 | B92: 46054 | C92: Assault | D92: Yaqshid | E92: Female | F92: Referred | G92: High
A93: CRM00191 | B93: 45853 | C93: - | D93: Hodan | E93: Male | F93: Open | G93: Medium
A94: CRM00142 | B94: 46087 | C94: Assault | D94: Hodan | E94: Female | F94: Open | G94: High
A95: CRM00250 | B95: 45679 | C95: Traffic Offense | D95: Hodan | E95: Female | F95: Closed | G95: Low
A96: CRM00044 | B96: 46218 | C96: Traffic Offense | D96: Wadajir | E96: Male | F96: Open | G96: Low
A97: CRM00129 | B97: 46232 | C97: Fraud | D97: Daynile | E97: Female | F97: Closed | G97: Medium
A98: CRM00243 | B98: 45719 | C98: Traffic Offense | D98: Hodan | E98: Female | F98: Under Investigation
A99: CRM00224 | B99: 46147 | C99: Theft | D99: Wadajir | E99: Female | F99: Open | G99: Medium
A100: CRM00008 | B100: 45754 | C100: Theft | D100: Hodan | F100: Under Investigation | G100: Medium
...

Sheet analysing data
A1: ANALYSIS SHEET — Formulas, Cleaning References & Calculations | M1: Crime_ID | N1: Crime_Date | O1: Crime_Type | P1: District | Q1: Victim_Gender | R1: Case_Status | S1: Severity_Level
M2: CRM001 | N2: 46215 | O2: Assault | P2: Waberi | Q2: Male | R2: Open | S2: High
A3: Missing-Value Fill Reference (Part B — Data Cleaning) | M3: CRM002 | N3: 45822 | O3: Robbery | P3: Hodan | Q3: Unknown | R3: Closed | S3: High | V3: Count
A4: Field | B4: Fill Value Used | C4: Method | M4: CRM003 | N4: 46017 | O4: Robbery | P4: Daynile | Q4: Male | R4: Open | S4: High | U4: Theft | V4: =COUNTIF($O$2:$O$293,U4) -> 84
A5: Crime_Type | B5: =INDEX($U$4:$U$9,MATCH(MAX($V$4:$V$9),$V$4:$V$9,0)) -> Theft | C5: Mode (most frequent category) | M5: CRM004 | N5: 45832 | O5: Assault | P5: Yaqshid | Q5: Female | R5: Referred | S5: High | U5: Burglary | V5: =COUNTIF($O$2:$O$293,U5) -> 18
A6: District | B6: =INDEX($U$12:$U$17,MATCH(MAX($V$12:$V$17),$V$12:$V$17,0)) -> Hodan | C6: Mode (most frequent category) | M6: CRM005 | N6: 46045 | O6: Assault | P6: Daynile | Q6: Male | R6: Under Investigation | S6: High | U6: Assault | V6: =COUNTIF($O$2:$O$293,U6) -> 60
A7: Victim_Gender | B7: =INDEX($U$20:$U$22,MATCH(MAX($V$20:$V$22),$V$20:$V$22,0)) -> Male | C7: Mode (most frequent category) | M7: CRM006 | N7: 46039 | O7: Robbery | P7: Daynile | Q7: Male | R7: Closed | S7: High | U7: Fraud | V7: =COUNTIF($O$2:$O$293,U7) -> 57
A8: Case_Status | B8: =INDEX($U$25:$U$28,MATCH(MAX($V$25:$V$28),$V$25:$V$28,0)) -> Closed | C8: Mode (most frequent category) | M8: CRM007 | N8: 46159 | O8: Traffic Offense | P8: Wadajir | Q8: Male | R8: Under Investigation | S8: Medium | U8: Robbery | V8: =COUNTIF($O$2:$O$293,U8) -> 44
A9: Severity_Level | B9: =INDEX($U$31:$U$33,MATCH(MAX($V$31:$V$33),$V$31:$V$33,0)) -> Medium | C9: Mode (most frequent category) | M9: CRM008 | N9: 45850 | O9: Traffic Offense | P9: Daynile | Q9: Female | R9: Closed | S9: Low | U9: Traffic Offense | V9: =COUNTIF($O$2:$O$293,U9) -> 29
A10: Crime_Date | B10: =MEDIAN(N2:N286) -> 45974 | C10: Median (robust to skew/outliers vs. mean) | M10: CRM009 | N10: 46204 | O10: Theft | P10: Wadajir | Q10: Male | R10: Open | S10: Medium | V10: =SUM(V4:V9) -> 292
M11: CRM010 | N11: 46063 | O11: Robbery | P11: Daynile | Q11: Female | R11: Under Investigation | S11: High | U11: District
M12: CRM011 | N12: 45748 | O12: Burglary | P12: Waberi | Q12: Female | R12: Under Investigation | S12: Medium | U12: Karan | V12: =COUNTIF($P$2:$P$293,U12) -> 32
M13: CRM012 | N13: 46161 | O13: Traffic Offense | P13: Hodan | Q13: Female | R13: Open | S13: Low | U13: Wadajir | V13: =COUNTIF($P$2:$P$293,U13) -> 62
M14: CRM013 | N14: 46050 | O14: Theft | P14: Wadajir | Q14: Male | R14: Closed | S14: Medium | U14: Hodan | V14: =COUNTIF($P$2:$P$293,U14) -> 84
M15: CRM014 | N15: 45951 | O15: Fraud | P15: Karan | Q15: Male | R15: Open | S15: Medium | U15: Yaqshid | V15: =COUNTIF($P$2:$P$293,U15) -> 44
M16: CRM015 | N16: 45992 | O16: Fraud | P16: Yaqshid | Q16: Male | R16: Closed | S16: Medium | U16: Daynile | V16: =COUNTIF($P$2:$P$293,U16) -> 38
M17: CRM00292 | N17: 45912 | O17: Robbery | P17: Wadajir | Q17: Male | R17: Closed | S17: =IF(S2="Unknown","High",S2) -> High | U17: Waberi | V17: =COUNTIF($P$2:$P$293,U17) -> 32
M18: CRM00291 | N18: 46176 | O18: Theft | P18: =IF(P2="Unknown","Hodan",P2) -> Waberi | Q18: Male | R18: Under Investigation | S18: Medium | V18: =SUM(V12:V17) -> 292
M19: CRM00290 | N19: 45714 | O19: Burglary | P19: =IF(P3="Unknown","Hodan",P3) -> Hodan | Q19: Male | R19: Closed | S19: Medium | U19: Victim_Gender
M20: CRM00289 | N20: 46059 | O20: Fraud | P20: Wadajir | Q20: Male | R20: {=IF(R2="Unknown",INDEX(R$2:R$292,MODE(MATCH(R$2:R$292,R$2:R$292,0))),R2)} -> Open | S20: Medium | U20: Male | V20: =COUNTIF($Q$2:$Q$293,U20) -> 160
M21: CRM00288 | N21: 45983 | O21: Fraud | P21: Karan | Q21: Female | R21: Closed | S21: Medium | U21: Female | V21: =COUNTIF($Q$2:$Q$293,U21) -> 89
M22: CRM00287 | N22: 45736 | O22: Robbery | P22: Daynile | Q22: Female | R22: Under Investigation | S22: High | U22: Unknown | V22: =COUNTIF($Q$2:$Q$293,U22) -> 43
M23: CRM00286 | N23: 45680 | O23: Fraud | P23: Wadajir | Q23: unknown | R23: Closed | S23: Medium
M24: CRM00285 | N24: 45882 | O24: {=IF(O2="Unknown",INDEX(O$2:O$292,MODE(MATCH(O$2:O$292,O$2:O$292,0))),O2)} -> Assault | P24: Daynile | Q24: Unknown | R24: Closed | S24: High | U24: Case_Status
M25: CRM00284 | N25: 45933 | O25: Robbery | P25: Yaqshid | Q25: unknown | R25: Under Investigation | S25: High | U25: Open | V25: =COUNTIF($R$2:$R$293,U25) -> 67
M26: CRM00283 | N26: 45945 | O26: Traffic Offense | P26: Daynile | Q26: Male | R26: Closed | S26: Low | U26: Closed | V26: =COUNTIF($R$2:$R$293,U26) -> 123
M27: CRM00282 | N27: 45825 | O27: Assault | P27: Hodan | Q27: Male | R27: Open | S27: High | U27: Under Investigation | V27: =COUNTIF($R$2:$R$293,U27) -> 77
M28: CRM00281 | N28: 45915 | O28: Burglary | P28: Yaqshid | Q28: Male | R28: Under Investigation | S28: Medium | U28: Referred | V28: =COUNTIF($R$2:$R$293,U28) -> 25
M29: CRM00280 | N29: 45844 | O29: Theft | P29: Wadajir | Q29: Female | R29: Closed | S29: Medium | V29: =SUM(V25:V28) -> 292
M30: CRM00279 | N30: 46005 | O30: Burglary | P30: Karan | Q30: Male | R30: {=IF(R12="Unknown",INDEX(R$2:R$292,MODE(MATCH(R$2:R$292,R$2:R$292,0))),R12)} -> Under Investigation | S30: Medium | U30: Severity_Level
M31: CRM00278 | N31: =IF(N2="Unknown",MEDIAN($B$2:$B$292),N2) -> 46215 | O31: Robbery | P31: Daynile | Q31: Male | R31: Closed | S31: High | U31: Low | V31: =COUNTIF($S$2:$S$293,U31) -> 30
M32: CRM00277 | N32: =IF(N2="Unknown",MEDIAN($B$2:$B$292),N2) -> 46215 | O32: Theft | P32: Yaqshid | Q32: Male | R32: Closed | S32: Medium | U32: Medium | V32: =COUNTIF($S$2:$S$293,U32) -> 156
M33: CRM00276 | N33: 46037 | O33: Theft | P33: Hodan | Q33: Male | R33: Under Investigation | S33: Medium | U33: High | V33: =COUNTIF($S$2:$S$293,U33) -> 106
M34: CRM00275 | N34: 46162 | O34: Theft | P34: Daynile | Q34: Male | R34: Closed | S34: Medium
M35: CRM00274 | N35: 45877 | O35: Theft | P35: Hodan | Q35: Male | R35: Closed | S35: Medium
M36: CRM00273 | N36: 45915 | O36: Theft | P36: Karan | Q36: Male | R36: Open | S36: Medium
M37: CRM00272 | N37: 46120 | O37: {=IF(O2="Unknown",INDEX(O$2:O$292,MODE(MATCH(O$2:O$292,O$2:O$292,0))),O2)} -> Assault | P37: Hodan | Q37: Unknown | R37: Closed | S37: Low
M38: CRM00271 | N38: =IF(N2="Unknown",MEDIAN($B$2:$B$292),N2) -> 46215 | O38: Assault | P38: Karan | Q38: Male | R38: Closed | S38: High
M39: CRM00270 | N39: 46058 | O39: Theft | P39: Wadajir | Q39: Female | R39: {=IF(R21="Unknown",INDEX(R$2:R$292,MODE(MATCH(R$2:R$292,R$2:R$292,0))),R21)} -> Closed | S39: Medium
M40: CRM00269 | N40: 45950 | O40: Robbery | P40: Wadajir | Q40: Male | R40: Closed | S40: High
M41: CRM00268 | N41: 46043 | O41: Assault | P41: Karan | Q41: Male | R41: Referred | S41: High
M42: CRM00267 | N42: =IF(N2="Unknown",MEDIAN($B$2:$B$292),N2) -> 46215 | O42: Assault | P42: Hodan | Q42: Unknown | R42: Under Investigation | S42: High
M43: CRM00266 | N43: 45781 | O43: Fraud | P43: =IF(P27="Unknown","Hodan",P27) -> Hodan | Q43: Male | R43: Closed | S43: Medium
M44: CRM00265 | N44: 45705 | O44: Fraud | P44: Wadajir | Q44: Male | R44: Under Investigation | S44: Medium
M45: CRM00264 | N45: 45775 | O45: Burglary | P45: Hodan | Q45: Male | R45: Closed | S45: Medium
M46: CRM00263 | N46: 45664 | O46: Burglary | P46: Hodan | Q46: Female | R46: Open | S46: Medium
M47: CRM00262 | N47: 46042 | O47: Assault | P47: Wadajir | Q47: Female | R47: Closed | S47: =IF(S32="Unknown","High",S32) -> Medium
M48: CRM00261 | N48: 45715 | O48: Theft | P48: =IF(P32="Unknown","Hodan",P32) -> Yaqshid | Q48: Male | R48: Referred | S48: Medium
A49: Part E — Date Functions | M49: CRM00260 | N49: 45871 | O49: Theft | P49: Waberi | Q49: Male | R49: Open | S49: Medium
A50: Metric | B50: Result | M50: CRM00259 | N50: 46178 | O50: Robbery | P50: Karan | Q50: Male | R50: Under Investigation | S50: High
A51: Today's Date (TODAY) | B51: =TODAY() -> 46260 | M51: CRM00258 | N51: =IF(N2="Unknown",MEDIAN($B$2:$B$292),N2) -> 46215 | O51: Assault | P51: Wadajir | Q51: Male | R51: Closed | S51: High
A52: Current Date & Time (NOW) | B52: =NOW() -> 46260.413 | M52: CRM00257 | N52: 46149 | O52: Theft | P52: Wadajir | Q52: Male | R52: Under Investigation | S52: Medium
A53: Earliest Crime Date (MIN) | B53: =MIN(N2:N301) -> 45664 | M53: CRM00256 | N53: =IF(N2="Unknown",MEDIAN($B$2:$B$292),N2) -> 46215 | O53: Theft | P53: Waberi | Q53: Male | R53: Open | S53: Medium
A54: Latest Crime Date (MAX) | B54: =MAX(N2:N301) -> 46234 | M54: CRM00255 | N54: 46056 | O54: Fraud | P54: Wadajir | Q54: Male | R54: Open | S54: Medium
A55: Day-of-month of Latest Crime (DAY) | B55: =DAY(MAX(N2:N301)) -> 31 | M55: CRM00254 | N55: =IF(N2="Unknown",MEDIAN($B$2:$B$292),N2) -> 46215 | O55: {=IF(O33="Unknown",INDEX(O$2:O$292,MODE(MATCH(O$2:O$292,O$2:O$292,0))),O33)} -> Theft | P55: Karan | Q55: Male | R55: Open | S55: High
A56: Month of Latest Crime (MONTH) | B56: =MONTH(MAX(N2:N293)) -> 7 | M56: CRM00253 | N56: 46035 | O56: Fraud | P56: Hodan | Q56: Female | R56: Closed | S56: Medium
A57: Year of Latest Crime (YEAR) | B57: =YEAR(MAX(N2:N301)) -> 2026 | M57: CRM00252 | N57: 46136 | O57: Assault | P57: Hodan | Q57: Unknown | R57: Closed | S57: High
A58: Custom date built with DATE() function | B58: =DATE(2026,8,26) -> 46260 | M58: CRM00251 | N58: 46068 | O58: Robbery | P58: Hodan | Q58: Female | R58: Closed | S58: High
M59: CRM00250 | N59: 45679 | O59: Traffic Offense | P59: Hodan | Q59: Female | R59: Closed | S59: Low
M60: CRM00249 | N60: 46050 | O60: Assault | P60: Daynile | Q60: Male | R60: Under Investigation | S60: High
A61: Part C — Text Functions (TRIM/PROPER/UPPER also used throughout Clean_Data) | M61: CRM00248 | N61: 45860 | O61: Burglary | P61: Wadajir | Q61: Female | R61: Under Investigation | S61: Medium
A62: Example | B62: Result | M62: CRM00247 | N62: 45764 | O62: Robbery | P62: Yaqshid | Q62: Male | R62: Closed | S62: High
A63: First 3 characters of Crime_ID (LEFT) | B63: =LEFT(M2,3) -> CRM | M63: CRM00246 | N63: 45772 | O63: Theft | P63: Wadajir | Q63: Male | R63: Closed | S63: Medium
A64: Last 5 characters of Crime_ID (RIGHT) | B64: =RIGHT(M2,5) -> RM001 | M64: CRM00245 | N64: 46178 | O64: Theft | P64: Daynile | Q64: Male | R64: Open | S64: Medium
A65: Length of Crime_ID text (LEN) | B65: =LEN(M2) -> 6 | M65: CRM00244 | N65: 46080 | O65: Assault | P65: Hodan | Q65: Female | R65: Under Investigation | S65: High
A66: District name in uppercase (UPPER) | B66: =UPPER(P2) -> WABERI | M66: CRM00243 | N66: 45719 | O66: Traffic Offense | P66: Hodan | Q66: Female | R66: Under Investigation | S66: =IF(S51="Unknown","High",S51) -> High
A67: Combined description (concatenation) | B67: =O2&" - "&P2 -> Assault - Waberi | M67: CRM00242 | N67: 46144 | O67: Robbery | P67: Karan | Q67: Female | R67: Closed | S67: High
M68: CRM00241 | N68: 46092 | O68: Theft | P68: Wadajir | Q68: Female | R68: Closed | S68: Medium
M69: CRM00240 | N69: 45761 | O69: Traffic Offense | P69: Waberi | Q69: Male | R69: Open | S69: Low
M70: CRM00239 | N70: 45944 | O70: Assault | P70: Wadajir | Q70: Male | R70: Closed | S70: =IF(S55="Unknown","High",S55) -> High
M71: CRM00238 | N71: 45743 | O71: {=IF(O2="Unknown",INDEX(O$2:O$292,MODE(MATCH(O$2:O$292,O$2:O$292,0))),O2)} -> Assault | P71: Yaqshid | Q71: Male | R71: Closed | S71: High
M72: CRM00237 | N72: 46055 | O72: Assault | P72: Hodan | Q72: Male | R72: Closed | S72: High
M73: CRM00236 | N73: 45731 | O73: Fraud | P73: Hodan | Q73: Male | R73: Closed | S73: MEDIUM
M74: CRM00235 | N74: 45712 | O74: Theft | P74: =IF(P58="Unknown","Hodan",P58) -> Hodan | Q74: Male | R74: Referred | S74: Medium
M75: CRM00234 | N75: =IF(N2="Unknown",MEDIAN($B$2:$B$292),N2) -> 46215 | O75: Traffic Offense | P75: Daynile | Q75: Unknown | R75: Closed | S75: Low
M76: CRM00233 | N76: 45900 | O76: Assault | P76: Daynile | Q76: Male | R76: Closed | S76: High
M77: CRM00232 | N77: 46074 | O77: Fraud | P77: Wadajir | Q77: Male | R77: Closed | S77: Medium
M78: CRM00231 | N78: 45834 | O78: Theft | P78: Waberi | Q78: Unknown | R78: {=IF(R60="Unknown",INDEX(R$2:R$292,MODE(MATCH(R$2:R$292,R$2:R$292,0))),R60)} -> Under Investigation | S78: Medium
M79: CRM00230 | N79: 45882 | O79: Assault | P79: Waberi | Q79: Female | R79: Under Investigation | S79: High
M80: CRM00229 | N80: 46167 | O80: Fraud | P80: Wadajir | Q80: Female | R80: Open | S80: Medium
M81: CRM00228 | N81: 46108 | O81: Fraud | P81: Waberi | Q81: Unknown | R81: Under Investigation | S81: Medium
M82: CRM00227 | N82: 45964 | O82: Traffic Offense | P82: Wadajir | Q82: Male | R82: Closed | S82: Low
M83: CRM00226 | N83: 45736 | O83: Assault | P83: Daynile | Q83: Male | R83: Closed | S83: High
M84: CRM00225 | N84: 46225 | O84: Fraud | P84: =IF(P68="Unknown","Hodan",P68) -> Wadajir | Q84: Female | R84: Under Investigation | S84: Medium
M85: CRM00224 | N85: 46147 | O85: Theft | P85: Wadajir | Q85: Female | R85: Open | S85: Medium
M86: CRM00223 | N86: =IF(N2="Unknown",MEDIAN($B$2:$B$292),N2) -> 46215 | O86: Theft | P86: Hodan | Q86: Male | R86: Closed | S86: Medium
M87: CRM00222 | N87: 45667 | O87: Theft | P87: Daynile | Q87: Male | R87: Closed | S87: Medium
M88: CRM00221 | N88: 46019 | O88: Fraud | P88: Yaqshid | Q88: Unknown | R88: Under Investigation | S88: Medium
M89: CRM00220 | N89: 46060 | O89: Assault | P89: Hodan | Q89: Male | R89: Open | S89: High
M90: CRM00219 | N90: 46073 | O90: Fraud | P90: Yaqshid | Q90: Female | R90: Closed | S90: Medium
M91: CRM00218 | N91: 45902 | O91: Theft | P91: Hodan | Q91: Male | R91: Closed | S91: Medium
M92: CRM00217 | N92: 45697 | O92: Assault | P92: Hodan | Q92: Male | R92: Closed | S92: High
M93: CRM00216 | N93: 46167 | O93: {=IF(O71="Unknown",INDEX(O$2:O$292,MODE(MATCH(O$2:O$292,O$2:O$292,0))),O71)} -> Assault | P93: Karan | Q93: Male | R93: Closed | S93: High
M94: CRM00215 | N94: 45853 | O94: Fraud | P94: Daynile | Q94: Female | R94: Under Investigation | S94: Medium
M95: CRM00214 | N95: 45869 | O95: Assault | P95: Daynile | Q95: Male | R95: Open | S95: High
M96: CRM00213 | N96: =IF(N2="Unknown",MEDIAN($B$2:$B$292),N2) -> 46215 | O96: Assault | P96: Wadajir | Q96: Male | R96: Open | S96: High
M97: CRM00212 | N97: 45923 | O97: Fraud | P97: Hodan | Q97: Male | R97: Closed | S97: Medium
M98: CRM00211 | N98: 45975 | O98: Theft | P98: =IF(P82="Unknown","Hodan",P82) -> Wadajir | Q98: Male | R98: closed | S98: Medium
M99: CRM00210 | N99: 45755 | O99: {=IF(O77="Unknown",INDEX(O$2:O$292,MODE(MATCH(O$2:O$292,O$2:O$292,0))),O77)} -> Fraud | P99: Daynile | Q99: Female | R99: Closed | S99: High
M100: CRM00209 | N100: 45833 | O100: {=IF(O78="Unknown",INDEX(O$2:O$292,MODE(MATCH(O$2:O$292,O$2:O$292,0))),O78)} -> Theft | P100: Hodan | Q100: Female | R100: Under Investigation | S100: High
...
